InDel Class,Phylum,Direction,Count (% of class),Log2(odds ratio),p-value,FDR (p-value)
A,Actinomycetota,enriched,2880 (86%),3.92,0,0
A,Methanobacteriota,enriched,52 (1.5%),1.68,5.9e-11,7.4e-10
A,Bacteroidota,depleted,0 (0%),-9.7,3.4e-162,1.6e-160
A,Spirochaetota,depleted,0 (0%),-6.37,2.1e-17,3.3e-16
A,Verrucomicrobiota,depleted,0 (0%),-5.5,7.6e-10,8.6e-09
A,Ignavibacteriota,depleted,0 (0%),-4.75,5.9e-06,4.5e-05
A,Myxococcota,depleted,1 (0.03%),-4.72,3.7e-15,5.6e-14
B,Chlamydiota,enriched,15 (0.2%),2.02,0.00021,0.0013
B,Actinomycetota,enriched,4117 (54%),1.59,0,0
B,Mycoplasmatota,enriched,34 (0.45%),0.97,0.0021,0.011
B,Bacteroidota,enriched,877 (12%),0.29,1.3e-06,1e-05
B,Fidelibacterota,depleted,0 (0%),-5.67,3e-10,3.5e-09
B,Gemmatimonadota,depleted,0 (0%),-5.5,2.7e-09,2.9e-08
B,Methanobacteriota,depleted,1 (0.013%),-5.21,3.1e-20,5.6e-19
B,Armatimonadota,depleted,0 (0%),-4.81,5.9e-06,4.5e-05
B,Fibrobacterota,depleted,0 (0%),-4.81,5.9e-06,4.5e-05
C,Fibrobacterota,enriched,55 (0.52%),6.62,4.2e-30,9.6e-29
C,Candidatus Aminicenantota,enriched,9 (0.086%),5.66,8.6e-06,6.5e-05
C,Nitrososphaerota,enriched,7 (0.067%),5.31,0.00012,0.00075
C,Dictyoglomota,enriched,8 (0.076%),3.17,0.00081,0.0046
C,Cyanobacteriota,enriched,83 (0.79%),3.07,4.2e-26,8.3e-25
C,Candidatus Roizmaniibacteriota,depleted,0 (0%),-5.49,9.4e-09,1e-07
C,Candidatus Kaiseribacteriota,depleted,0 (0%),-5.28,1.1e-07,1.1e-06
C,candidate division WWE3,depleted,0 (0%),-5.1,7.8e-07,6.5e-06
C,Candidatus Levyibacteriota,depleted,0 (0%),-4.82,9.3e-06,6.9e-05
C,Candidatus Collieribacteriota,depleted,0 (0%),-4.53,0.00011,0.00071
D,Deinococcota,enriched,16 (0.68%),3.0,1e-08,1.1e-07
D,Actinomycetota,enriched,1776 (75%),2.76,0,0
D,Myxococcota,enriched,55 (2.3%),1.27,6.4e-08,6.3e-07
D,Acidobacteriota,enriched,53 (2.2%),1.24,2e-07,1.8e-06
D,Bacillota,depleted,3 (0.13%),-8.07,0,0
D,Bacteroidota,depleted,1 (0.042%),-7.56,2.2e-110,8.6e-109
D,Spirochaetota,depleted,0 (0%),-5.82,3.1e-12,4.3e-11
D,Methanobacteriota,depleted,0 (0%),-4.89,1e-06,8.3e-06
D,Planctomycetota,depleted,0 (0%),-4.69,7.4e-06,5.6e-05
E,Actinomycetota,enriched,2414 (98%),6.79,0,0
E,Bacteroidota,depleted,0 (0%),-9.21,8.1e-118,3.4e-116
E,Bacillota,depleted,2 (0.081%),-8.63,0,0
E,Spirochaetota,depleted,0 (0%),-5.89,8.8e-13,1.3e-11
E,Verrucomicrobiota,depleted,0 (0%),-5.02,3e-07,2.6e-06
E,Methanobacteriota,depleted,0 (0%),-4.96,6.9e-07,5.9e-06
F,Caldifarciminota,enriched,17 (1.5%),10.21,6.8e-27,1.4e-25
F,Candidatus Daviesiibacteriota,enriched,12 (1.1%),9.72,3.5e-19,6.1e-18
F,Candidatus Beckwithiibacteriota,enriched,10 (0.9%),9.46,4.2e-16,6.5e-15
F,Candidatus Collieribacteriota,enriched,28 (2.5%),8.61,2.9e-41,7.6e-40
F,Candidatus Fermentibacterota,enriched,5 (0.45%),8.53,2.1e-08,2.1e-07
F,Bacillota,depleted,4 (0.36%),-6.55,5.6e-145,2.5e-143
F,Actinomycetota,depleted,11 (0.99%),-5.65,2.8e-178,1.6e-176
F,Pseudomonadota,depleted,21 (1.9%),-3.59,4.3e-71,1.3e-69
F,Spirochaetota,depleted,1 (0.09%),-3.1,0.00011,0.0007
F,Acidobacteriota,depleted,2 (0.18%),-2.28,0.0014,0.0076
G,Candidatus Kaiseribacteriota,enriched,51 (0.47%),8.02,1.5e-28,3e-27
G,Thermoproteota,enriched,21 (0.19%),6.76,3.5e-12,4.8e-11
G,Candidatus Giovannoniibacteriota,enriched,17 (0.16%),6.46,5.4e-10,6.3e-09
G,Synergistota,enriched,16 (0.15%),6.37,1.9e-09,2.1e-08
G,Candidatus Adleribacteriota,enriched,8 (0.073%),5.41,4.4e-05,0.0003
G,Candidatus Collieribacteriota,depleted,0 (0%),-4.61,5.8e-05,0.00039
G,Chlamydiota,depleted,0 (0%),-4.61,5.8e-05,0.00039
G,Fibrobacterota,depleted,1 (0.0092%),-3.89,2.8e-07,2.5e-06
G,Caldifarciminota,depleted,0 (0%),-3.8,0.0054,0.026
G,Actinomycetota,depleted,652 (6%),-3.65,0,0
