target_name,target_accession,tlen,query_name,query_accession,qlen,seq_evalue,seq_score,seq_bias,dom_num,dom_total,dom_c_evalue,dom_i_evalue,dom_score,dom_bias,hmm_from,hmm_to,ali_from,ali_to,env_from,env_to,acc,description,Uniprot_Accessions
Q9L8G0|1of1,-,351,CID5,-,368,4e-215,708.0,23.6,1,1,3e-215,4.4e-215,707.9,23.6,4,353,1,351,1,351,1.0,"-
",Q9L8G0
P36909|1of1,-,352,CID5,-,368,1.3e-212,699.8,22.0,1,1,9.5e-213,1.4e-212,699.6,22.0,4,353,1,352,1,352,0.99,"-
",P36909
Q7AKG2|1of1,-,352,CID5,-,368,1.3e-212,699.8,22.0,1,1,9.5e-213,1.4e-212,699.6,22.0,4,353,1,352,1,352,0.99,"-
",Q7AKG2
Q9Z9M8|1of1,-,352,CID5,-,368,1.3e-212,699.8,22.0,1,1,9.5e-213,1.4e-212,699.6,22.0,4,353,1,352,1,352,0.99,"-
",Q9Z9M8
Q7AKQ9|1of1,-,353,CID5,-,368,4.1e-212,698.1,20.5,1,1,3.1e-212,4.6e-212,697.9,20.5,2,353,1,353,1,353,1.0,"-
",Q7AKQ9
Q9Z9M7|1of1,-,353,CID5,-,368,4.1e-212,698.1,20.5,1,1,3.1e-212,4.6e-212,697.9,20.5,2,353,1,353,1,353,1.0,"-
",Q9Z9M7
Q8RQP6|1of1,-,351,CID5,-,368,1.6000000000000001e-211,696.2,23.3,1,1,1.2e-211,1.8000000000000002e-211,696.0,23.3,4,353,1,351,1,351,1.0,"-
",Q8RQP6
P11220|1of1,-,352,CID5,-,368,3.4000000000000004e-209,688.5,20.6,1,1,2.5e-209,3.8000000000000004e-209,688.3,20.6,4,353,1,352,1,352,0.99,"-
",P11220
Q845S2|1of1,-,348,CID5,-,368,3.3e-207,682.0,22.4,1,1,2.5e-207,3.7e-207,681.8,22.4,4,353,1,348,1,348,0.99,"-
",Q845S2
C8XPA7|1of1,-,353,CID5,-,368,6.3e-204,671.2,18.1,1,1,4.7e-204,7e-204,671.0,18.1,2,353,1,353,1,353,1.0,"-
",C8XPA7
Q9EY44|1of1,-,353,CID5,-,368,9.6e-202,664.0,17.9,1,1,7.2e-202,1.1000000000000002e-201,663.8,17.9,3,353,2,353,1,353,1.0,"-
",Q9EY44
Q56077|1of1,-,348,CID5,-,368,7.300000000000001e-199,654.5,23.1,1,1,5.5e-199,8.2e-199,654.3,23.1,4,353,1,348,1,348,0.99,"-
",Q56077
B3PLJ1|1of1,-,350,CID5,-,368,1.6e-193,637.0,18.9,1,1,1.2e-193,1.8000000000000002e-193,636.8,18.9,2,353,1,350,1,350,0.99,"-
",B3PLJ1
Q7PC51|1of1,-,350,CID5,-,368,3.9e-188,619.2,17.2,1,1,2.9e-188,4.3e-188,619.1,17.2,2,353,1,350,1,350,0.99,"-
",Q7PC51
B2FMT1|1of1,-,387,CID4,-,399,6.7e-172,566.2,2.3,1,1,5.7e-172,8.9e-172,565.8,2.3,3,384,2,387,1,387,0.97,"-
",B2FMT1
Q6BCF8|1of1,-,384,CID4,-,399,2.6e-170,561.0,2.3,1,1,2.1e-170,3.3e-170,560.6,2.3,4,384,1,384,1,384,0.97,"-
",Q6BCF8
O30678|1of1,-,387,CID4,-,399,4.7e-168,553.5,2.0,1,1,4.3e-168,6.6e-168,553.0,2.0,3,384,2,387,1,387,0.97,"-
",O30678
Q5MYT4|1of1,-,394,CID4,-,399,7.3e-167,549.6,7.1,1,1,5.4e-167,8.4e-167,549.4,7.1,5,384,1,394,1,394,0.97,"-
",Q5MYT4
D3YGV3|1of1,-,399,CID4,-,399,2.6e-158,521.5,10.1,1,1,2.6e-158,4e-158,520.8,10.1,3,384,2,399,1,399,0.96,"-
",D3YGV3
Q48373|1of1,-,403,CID4,-,399,3.8e-159,524.2,4.6,1,1,6e-158,9.4e-158,519.6,4.6,5,384,1,403,1,403,0.96,"-
",Q48373
W0T116|1of1,-,358,CID3,-,369,5.2e-156,513.6,2.1,1,1,5e-156,5.8e-156,513.4,2.1,2,352,1,358,1,358,0.99,"-
",W0T116
F8WSU4|1of1,-,427,CID4,-,399,1.6e-155,512.2,15.3,1,1,2.5e-154,3.8999999999999997e-154,507.7,15.3,5,384,1,427,1,427,0.91,"-
",F8WSU4
Q9REI6|1of1,-,399,CID4,-,399,3.9e-152,501.1,12.1,1,1,3.999999999999999e-152,6.3e-152,500.4,12.1,3,384,2,399,1,399,0.96,"-
",Q9REI6
F8WSQ0|1of1,-,399,CID4,-,399,1.6e-153,505.7,6.6,1,1,1.3e-151,2e-151,498.7,6.6,6,384,1,399,1,399,0.95,"-
",F8WSQ0
F8WSP2|1of1,-,409,CID4,-,399,3.5e-150,494.7,14.2,1,1,1.2999999999999999e-148,2e-148,488.9,14.2,5,384,1,409,1,409,0.92,"-
",F8WSP2
F8WSP9|1of1,-,407,CID4,-,399,8.6e-149,490.1,7.3,1,1,1.9e-148,2.9e-148,488.4,7.3,5,384,1,407,1,407,0.93,"-
",F8WSP9
A0A0F6NWE3|1of1,-,394,CID3,-,369,5.1e-148,487.2,2.0,1,1,4.2999999999999996e-147,4.8999999999999995e-147,484.0,2.0,2,352,1,394,1,394,0.95,"-
",A0A0F6NWE3
Q65NR8,-,595,CID3,-,369,2.6e-146,481.6,1.3,1,1,1.6e-145,1.9e-145,478.8,1.3,1,366,38,443,38,445,0.94,"-
",Q65NR8
P20533|1of1,-,394,CID3,-,369,2.5000000000000002e-146,481.7,6.4,1,1,1.9e-145,2.2e-145,478.6,6.4,2,352,1,394,1,394,0.95,"-
",P20533
F8WSU6|1of1,-,413,CID4,-,399,8.599999999999999e-147,483.5,10.5,1,1,2.2e-145,3.4e-145,478.3,10.5,4,384,2,413,1,413,0.92,"-
",F8WSU6
Q47SE9|1of1,-,387,CID4,-,399,1e-144,476.7,0.0,1,1,7.4e-145,1.2e-144,476.5,0.0,3,384,2,387,1,387,0.98,"-
",Q47SE9
Q9KED7|1of1,-,392,CID3,-,369,1.9e-145,478.8,1.3,1,1,2.1e-144,2.4e-144,475.2,1.3,2,352,1,392,1,392,0.94,"-
",Q9KED7
A0A1Y0JY52|1of1,-,390,CID3,-,369,7e-144,473.6,6.0,1,1,4.9e-143,5.6e-143,470.6,6.0,2,352,1,390,1,390,0.95,"-
",A0A1Y0JY52
Q0MRC3|1of1,-,391,CID3,-,369,5.3e-144,474.0,3.8,1,1,5e-143,5.8e-143,470.6,3.8,3,352,1,391,1,391,0.94,"-
",Q0MRC3
Q0Q2G5|1of1,-,392,CID3,-,369,5e-144,474.1,3.5,1,1,5.8e-143,6.699999999999999e-143,470.4,3.5,2,352,1,392,1,392,0.94,"-
",Q0Q2G5
A0EQW8|1of1,-,392,CID3,-,369,5.8e-144,473.9,3.0,1,1,7e-143,8e-143,470.1,3.0,2,352,1,392,1,392,0.94,"-
",A0EQW8
Q9KHB3|1of1,-,394,CID3,-,369,1.1e-143,473.0,5.2,1,1,8.8e-143,9.999999999999999e-143,469.8,5.2,2,352,1,394,1,394,0.94,"-
",Q9KHB3
A5A699|1of1,-,392,CID3,-,369,1.8e-143,472.3,1.5,1,1,1.3e-142,1.4999999999999999e-142,469.3,1.5,2,352,1,392,1,392,0.94,"-
",A5A699
D0EW66|1of1,-,392,CID3,-,369,1.8e-143,472.3,1.5,1,1,1.3e-142,1.4999999999999999e-142,469.3,1.5,2,352,1,392,1,392,0.94,"-
",D0EW66
Q1EM71|1of1,-,392,CID3,-,369,1.8e-143,472.3,1.5,1,1,1.3e-142,1.4999999999999999e-142,469.3,1.5,2,352,1,392,1,392,0.94,"-
",Q1EM71
B7UB89|1of1,-,392,CID3,-,369,1.8e-143,472.2,1.6,1,1,1.3e-142,1.4999999999999999e-142,469.2,1.6,2,352,1,392,1,392,0.94,"-
",B7UB89
A0A243G6Q6,-,674,CID3,-,369,4.6e-143,470.9,5.3,1,1,3.3999999999999996e-142,3.9999999999999994e-142,467.9,5.3,2,355,40,453,39,472,0.92,"-
",A0A243G6Q6
C8CAY2|1of1,-,392,CID3,-,369,5.3e-143,470.7,1.6,1,1,3.8e-142,4.3999999999999996e-142,467.7,1.6,2,352,1,392,1,392,0.94,"-
",C8CAY2
Q48494|1of1,-,394,CID3,-,369,6.1e-143,470.5,5.9,1,1,4.6e-142,5.4e-142,467.4,5.9,2,352,1,394,1,394,0.95,"-
",Q48494
K7ZS15|1of1,-,393,CID3,-,369,8.8e-143,470.0,1.8,1,1,7e-142,8.1e-142,466.8,1.8,2,352,1,393,1,393,0.94,"-
",K7ZS15
Q3MTV5|1of1,-,411,CID3,-,369,6.4999999999999995e-142,467.1,4.1,1,1,1.1999999999999999e-141,1.4e-141,466.1,4.1,2,352,1,411,1,411,0.93,"-
",Q3MTV5
D0EW64|1of1,-,411,CID3,-,369,1.8e-142,469.0,6.0,1,1,1.1999999999999999e-141,1.4e-141,466.0,6.0,2,352,1,411,1,411,0.93,"-
",D0EW64
Q2I0I7|1of1,-,391,CID3,-,369,1.6e-142,469.1,3.3,1,1,1.5e-141,1.7999999999999998e-141,465.7,3.3,3,352,1,391,1,391,0.94,"-
",Q2I0I7
Q9FAC8|1of1,-,411,CID3,-,369,2.4e-142,468.6,6.5,1,1,1.7e-141,1.9e-141,465.6,6.5,2,352,1,411,1,411,0.93,"-
",Q9FAC8
A4GT76|1of1,-,411,CID3,-,369,3.3999999999999996e-142,468.1,6.5,1,1,2.5e-141,2.9e-141,465.0,6.5,2,352,1,411,1,411,0.93,"-
",A4GT76
A5YRG4|1of1,-,411,CID3,-,369,3.8999999999999996e-142,467.9,6.3,1,1,2.5999999999999998e-141,3e-141,465.0,6.3,2,352,1,411,1,411,0.93,"-
",A5YRG4
Q93AD3|1of1,-,411,CID3,-,369,3.3999999999999996e-142,468.1,6.5,1,1,2.5e-141,2.9e-141,465.0,6.5,2,352,1,411,1,411,0.93,"-
",Q93AD3
B1PBV0|1of1,-,411,CID3,-,369,3.8e-142,467.9,6.6,1,1,2.5999999999999998e-141,3e-141,464.9,6.6,2,352,1,411,1,411,0.93,"-
",B1PBV0
Q1G154|1of1,-,411,CID3,-,369,3.8e-142,467.9,6.6,1,1,2.5999999999999998e-141,3e-141,464.9,6.6,2,352,1,411,1,411,0.93,"-
",Q1G154
Q84FN2|1of1,-,411,CID3,-,369,3.8e-142,467.9,6.6,1,1,2.5999999999999998e-141,3e-141,464.9,6.6,2,352,1,411,1,411,0.93,"-
",Q84FN2
Q8KVU8|1of1,-,411,CID3,-,369,3.8e-142,467.9,6.6,1,1,2.5999999999999998e-141,3e-141,464.9,6.6,2,352,1,411,1,411,0.93,"-
",Q8KVU8
A0AB36TST2|1of1,-,411,CID3,-,369,5.5e-142,467.4,6.7,1,1,3.8e-141,4.3999999999999996e-141,464.4,6.7,2,352,1,411,1,411,0.93,"-
",A0AB36TST2
Q8RSX8|1of1,-,411,CID3,-,369,5.5e-142,467.4,6.7,1,1,3.8e-141,4.3999999999999996e-141,464.4,6.7,2,352,1,411,1,411,0.93,"-
",Q8RSX8
O85500|1of1,-,392,CID3,-,369,5.3e-142,467.4,3.6,1,1,6.199999999999999e-141,7.1e-141,463.7,3.6,2,352,1,392,1,392,0.94,"-
",O85500
K7ZS16|1of1,-,394,CID3,-,369,1.4e-141,466.0,4.6,1,1,8.799999999999999e-141,1e-140,463.2,4.6,2,352,1,394,1,394,0.96,"-
",K7ZS16
B5A7P1|1of1,-,392,CID3,-,369,1.9e-141,465.6,2.9,1,1,1.4999999999999999e-140,1.7e-140,462.5,2.9,2,352,1,392,1,392,0.94,"-
",B5A7P1
V5NZX0|1of1,-,411,CID3,-,369,2.5e-141,465.2,6.4,1,1,1.7e-140,2e-140,462.3,6.4,2,352,1,411,1,411,0.93,"-
",V5NZX0
K7ZQB5|1of1,-,408,CID3,-,369,2.9999999999999997e-140,461.7,3.0,1,1,1.7e-139,1.9e-139,459.0,3.0,2,352,1,408,1,408,0.92,"-
",K7ZQB5
F8WSX2|1of1,-,350,CID3,-,369,2.9e-138,455.1,5.6,1,1,2.8e-138,3.2e-138,455.0,5.6,2,352,1,350,1,350,0.98,"-
",F8WSX2
A0A060KSS6|1of1,-,411,CID3,-,369,6.9e-138,453.9,0.5,1,1,2e-136,2.3e-136,448.9,0.5,2,352,1,411,1,411,0.93,"-
",A0A060KSS6
Q9RG51|1of1,-,392,CID3,-,369,1e-136,450.1,1.3,1,1,7.2e-136,8.299999999999999e-136,447.1,1.3,2,352,1,392,1,392,0.94,"-
",Q9RG51
K7ZNA8|1of1,-,411,CID3,-,369,1.8999999999999998e-136,449.2,3.5,1,1,1.8e-135,2.1e-135,445.7,3.5,2,352,1,411,1,411,0.91,"-
",K7ZNA8
A3DC30|1of1,-,358,CID3,-,369,2.5999999999999997e-135,445.4,0.5,1,1,2.4999999999999998e-135,2.8999999999999996e-135,445.3,0.5,2,352,1,358,1,358,0.95,"-
",A3DC30
Q59326|1of1,-,355,CID3,-,369,2e-132,435.9,0.2,1,1,1.9e-132,2.2e-132,435.8,0.2,2,350,1,355,1,355,0.95,"-
",Q59326
Q1D885|1of1,-,380,CID4,-,399,2.1999999999999997e-129,426.2,0.0,1,1,1.5999999999999998e-129,2.5999999999999997e-129,426.0,0.0,3,384,2,380,1,380,0.94,"-
",Q1D885
Q9UWR7|1of2,-,353,CID3,-,369,9.299999999999999e-127,417.3,2.4,1,1,9.1e-127,1.0000000000000001e-126,417.1,2.4,2,352,1,353,1,353,0.97,"-
",Q9UWR7
Q7PC53|2of2,-,393,CID3,-,369,1.3e-125,413.6,6.3,1,1,1.3e-125,1.6000000000000002e-125,413.3,6.3,3,352,1,393,1,393,0.94,"-
",Q7PC53
Q25BN2|1of1,-,383,CID3,-,369,1.2000000000000002e-124,410.3,0.7,1,1,7.1e-124,8.2e-124,407.6,0.7,5,352,1,383,1,383,0.94,"-
",Q25BN2
Q9L5D5|1of1,-,383,CID3,-,369,1.0000000000000001e-124,410.6,1.4,1,1,7.8e-124,9.000000000000001e-124,407.5,1.4,5,352,1,383,1,383,0.93,"-
",Q9L5D5
Q8GHI4|1of1,-,383,CID3,-,369,1.6e-124,410.0,0.4,1,1,9.2e-124,1.1e-123,407.2,0.4,5,352,1,383,1,383,0.94,"-
",Q8GHI4
Q43919|1of1,-,383,CID3,-,369,4.9000000000000005e-124,408.3,0.3,1,1,2.9e-123,3.4e-123,405.6,0.3,5,352,1,383,1,383,0.94,"-
",Q43919
Q9F9Q8|1of1,-,383,CID3,-,369,2.4e-123,406.1,0.2,1,1,6.6e-123,7.6e-123,404.4,0.2,5,352,1,383,1,383,0.95,"-
",Q9F9Q8
Q6Q215|1of1,-,383,CID3,-,369,1.7000000000000002e-122,403.3,0.1,1,1,2.9e-122,3.4000000000000003e-122,402.3,0.1,6,352,2,383,1,383,0.95,"-
",Q6Q215
Q5I4H6|1of1,-,383,CID3,-,369,1.5e-122,403.5,0.1,1,1,3.1e-122,3.6e-122,402.2,0.1,6,352,2,383,1,383,0.95,"-
",Q5I4H6
Q2V9S9|1of1,-,383,CID3,-,369,3.2e-122,402.4,0.1,1,1,6.5e-122,7.5e-122,401.1,0.1,6,352,2,383,1,383,0.95,"-
",Q2V9S9
Q93LF1|1of1,-,383,CID3,-,369,3.2e-122,402.4,0.1,1,1,6.5e-122,7.5e-122,401.1,0.1,6,352,2,383,1,383,0.95,"-
",Q93LF1
O54328|1of1,-,383,CID3,-,369,4.5000000000000003e-122,401.9,0.1,1,1,9.2e-122,1.0999999999999999e-121,400.6,0.1,6,352,2,383,1,383,0.95,"-
",O54328
Q6T6I1|1of1,-,383,CID3,-,369,4.5000000000000003e-122,401.9,0.1,1,1,9.2e-122,1.0999999999999999e-121,400.6,0.1,6,352,2,383,1,383,0.95,"-
",Q6T6I1
A6XFF7|1of1,-,382,CID3,-,369,7.9e-122,401.1,0.1,1,1,1.5999999999999999e-121,1.9e-121,399.8,0.1,6,351,2,382,1,382,0.95,"-
",A6XFF7
E5FGC5|1of1,-,383,CID3,-,369,8.700000000000001e-122,400.9,0.1,1,1,1.8e-121,2.1e-121,399.7,0.1,6,352,2,383,1,383,0.95,"-
",E5FGC5
Q3Y4D2|1of1,-,383,CID3,-,369,1e-121,400.7,0.1,1,1,2.1e-121,2.5e-121,399.4,0.1,6,352,2,383,1,383,0.95,"-
",Q3Y4D2
P94289|1of1,-,319,CID3,-,369,2.8e-121,399.2,1.8,1,1,2.6999999999999998e-121,3.1999999999999998e-121,399.1,1.8,2,352,1,319,1,319,0.96,"-
",P94289
A8G807|1of1,-,383,CID3,-,369,2.3e-121,399.5,0.2,1,1,4.6e-121,5.3e-121,398.4,0.2,6,352,2,383,1,383,0.94,"-
",A8G807
D0ELI2|1of1,-,383,CID3,-,369,2e-121,399.8,0.1,1,1,5.2e-121,6e-121,398.2,0.1,6,352,2,383,1,383,0.95,"-
",D0ELI2
K7ZLW6|1of2,-,350,CID3,-,369,5.1e-121,398.4,9.9,1,1,4.9e-121,5.7e-121,398.2,9.9,3,352,1,350,1,350,0.95,"-
",K7ZLW6
O83008|1of1,-,383,CID3,-,369,2.5e-121,399.4,0.1,1,1,5.1e-121,5.9e-121,398.2,0.1,6,352,2,383,1,383,0.95,"-
",O83008
P07254|1of1,-,383,CID3,-,369,4.6e-121,398.6,0.0,1,1,9.4e-121,1.0999999999999999e-120,397.3,0.0,6,352,2,383,1,383,0.95,"-
",P07254
W5U7W5|1of1,-,383,CID3,-,369,6e-121,398.2,0.0,1,1,1.2e-120,1.4e-120,396.9,0.0,6,352,2,383,1,383,0.95,"-
",W5U7W5
A2TC68|1of1,-,383,CID3,-,369,1.0999999999999999e-120,397.3,0.2,1,1,2.1999999999999998e-120,2.5e-120,396.1,0.2,6,352,2,383,1,383,0.94,"-
",A2TC68
D8V3F2|1of1,-,392,CID3,-,369,2.8e-121,399.3,0.2,1,1,3.3e-120,3.8e-120,395.5,0.2,2,352,1,392,1,392,0.94,"-
",D8V3F2
K7ZLW6|2of2,-,353,CID3,-,369,7.7e-120,394.5,7.9,1,1,7.499999999999999e-120,8.6e-120,394.4,7.9,5,352,2,353,1,353,0.94,"-
",K7ZLW6
K7ZLW5|1of1,-,385,CID3,-,369,1.1e-119,394.0,0.9,1,1,2.1000000000000002e-119,2.4e-119,392.9,0.9,2,352,1,385,1,385,0.9,"-
",K7ZLW5
Q8KKF5|1of1,-,383,CID3,-,369,1.6e-119,393.5,0.2,1,1,3e-119,3.5e-119,392.3,0.2,6,352,2,383,1,383,0.95,"-
",Q8KKF5
A0A0H4CPE0|1of1,-,385,CID3,-,369,5.1e-119,391.8,3.6,1,1,6.6e-119,7.600000000000001e-119,391.3,3.6,2,352,1,385,1,385,0.92,"-
",A0A0H4CPE0
A0A0H3YJ45|1of1,-,385,CID3,-,369,7.7e-119,391.2,3.4,1,1,1e-118,1.2e-118,390.7,3.4,2,352,1,385,1,385,0.92,"-
",A0A0H3YJ45
I3R9G6|1of1,-,356,CID3,-,369,1.3e-118,390.5,8.6,1,1,1.3e-118,1.5e-118,390.3,8.6,2,352,1,356,1,356,0.96,"-
",I3R9G6
M0JBD1|1of1,-,356,CID3,-,369,1.3e-118,390.5,8.6,1,1,1.3e-118,1.5e-118,390.3,8.6,2,352,1,356,1,356,0.96,"-
",M0JBD1
B0R478|1of1,-,356,CID3,-,369,3.6e-118,389.0,5.5,1,1,3.5000000000000003e-118,4.1e-118,388.9,5.5,2,352,1,356,1,356,0.96,"-
",B0R478
Q9HR84|1of1,-,356,CID3,-,369,3.6e-118,389.0,5.5,1,1,3.5000000000000003e-118,4.1e-118,388.9,5.5,2,352,1,356,1,356,0.96,"-
",Q9HR84
A0KGX3|1of1,-,388,CID3,-,369,7.000000000000001e-119,391.4,0.5,1,1,4.1e-118,4.8e-118,388.6,0.5,5,352,1,388,1,388,0.92,"-
",A0KGX3
Q66SU9|1of1,-,329,CID3,-,369,2.4e-116,383.0,0.0,1,1,2.3e-116,2.6e-116,382.9,0.0,22,352,16,329,1,329,0.94,"-
",Q66SU9
P97034|1of1,-,382,CID3,-,369,1.4999999999999999e-116,383.7,0.0,1,1,3.6e-116,4.1e-116,382.3,0.0,6,352,2,382,1,382,0.94,"-
",P97034
A0A482G4C5|1of1,-,323,CID3,-,369,3.9e-113,372.5,0.0,1,1,3.7e-113,4.3e-113,372.3,0.0,18,352,12,323,1,323,0.94,"-
",A0A482G4C5
Q9RH34|1of1,-,381,CID3,-,369,4.4e-113,372.3,0.0,1,1,7.3e-113,8.4e-113,371.4,0.0,6,352,2,381,1,381,0.94,"-
",Q9RH34
R9WA37|1of1,-,372,CID3,-,369,2.3e-112,369.9,0.0,1,1,2.1999999999999998e-112,2.4999999999999998e-112,369.8,0.0,2,352,1,372,1,372,0.98,"-
",R9WA37
A0A9Q3UC14|1of1,-,413,CID3,-,369,8.5e-112,368.1,0.0,1,1,4.1000000000000004e-111,4.7e-111,365.6,0.0,6,352,2,413,1,413,0.88,"-
",A0A9Q3UC14
A8QZK0|1of1,-,413,CID3,-,369,8.5e-112,368.1,0.0,1,1,4.1000000000000004e-111,4.7e-111,365.6,0.0,6,352,2,413,1,413,0.88,"-
",A8QZK0
Q99PX0|1of1,-,413,CID3,-,369,8.5e-112,368.1,0.0,1,1,4.1000000000000004e-111,4.7e-111,365.6,0.0,6,352,2,413,1,413,0.88,"-
",Q99PX0
Q9AMP1|1of1,-,413,CID3,-,369,3.4e-111,366.1,0.1,1,1,2.6000000000000002e-110,3e-110,363.0,0.1,6,352,2,413,1,413,0.87,"-
",Q9AMP1
P32823|1of1,-,412,CID3,-,369,1.1000000000000001e-110,364.4,0.1,1,1,5.900000000000001e-110,6.8e-110,361.8,0.1,5,352,1,412,1,412,0.9,"-
",P32823
Q9KND8|1of2,-,414,CID3,-,369,1.2e-110,364.2,0.0,1,1,6.500000000000001e-110,7.5e-110,361.7,0.0,5,352,2,414,1,414,0.87,"-
",Q9KND8
Q9ZIX2|1of1,-,412,CID3,-,369,1.1000000000000001e-110,364.4,0.0,1,1,7.100000000000001e-110,8.200000000000001e-110,361.5,0.0,5,352,1,412,1,412,0.9,"-
",Q9ZIX2
P14529|1of1,-,287,CID2,-,293,4.5e-110,361.2,0.0,1,1,1.7e-110,5.1e-110,361.0,0.0,3,292,4,285,2,286,0.97,"-
",P14529
A4F8N3,-,326,CID2,-,293,7e-110,360.6,0.0,1,1,2.7000000000000004e-110,8.200000000000001e-110,360.4,0.0,3,292,43,324,41,325,0.97,"-
",A4F8N3
Q8YAL3|1of1,-,398,CID3,-,369,2.1e-112,370.1,12.3,1,1,5.099999999999999e-109,5.9e-109,358.7,12.3,3,352,2,398,1,398,0.87,"-
",Q8YAL3
A9KSD7|1of1,-,382,CID3,-,369,2.5e-108,356.6,2.4,1,1,2.6000000000000002e-108,3e-108,356.4,2.4,3,352,2,382,1,382,0.93,"-
",A9KSD7
Q75ZW9|1of1,-,370,CID3,-,369,3.3e-108,356.3,6.8,1,1,3.2e-108,3.7e-108,356.1,6.8,2,352,1,370,1,370,0.94,"-
",Q75ZW9
A7M6A0|1of1,-,413,CID3,-,369,7.9e-109,358.3,0.0,1,1,6.8e-108,7.8e-108,355.0,0.0,6,352,2,413,1,413,0.86,"-
",A7M6A0
B3PBW8|1of1,-,319,CID3,-,369,7.3e-108,355.1,0.2,1,1,7e-108,8.1e-108,355.0,0.2,4,352,2,319,1,319,0.96,"-
",B3PBW8
Q9ZNL0|1of1,-,399,CID3,-,369,1e-107,354.6,1.1,1,1,3.4e-107,3.9e-107,352.7,1.1,2,352,1,399,1,399,0.92,"-
",Q9ZNL0
B2FN84|1of1,-,335,CID3,-,369,7.3e-103,338.7,0.0,1,1,7.1e-103,8.3e-103,338.5,0.0,16,352,2,335,1,335,0.93,"-
",B2FN84
Q547S1,-,499,CID3,-,369,2.6e-103,340.1,3.6,1,1,1.1e-99,1.3e-99,328.0,3.6,14,367,28,423,8,425,0.86,"-
",Q547S1
P0DPJ9|1of1,-,279,CID7,-,314,4.7e-99,325.5,0.1,1,1,4.5e-99,5.2e-99,325.3,0.1,25,297,1,279,1,279,0.98,"-
",P0DPJ9
Q9K3E4|1of1,-,279,CID7,-,314,3.6e-98,322.5,0.1,1,1,3.5e-98,4e-98,322.4,0.1,25,297,1,279,1,279,0.98,"-
",Q9K3E4
I3R9G5|1of1,-,384,CID3,-,369,5.0000000000000005e-99,326.0,0.8,1,1,4.9e-97,5.6e-97,319.3,0.8,3,352,1,384,1,384,0.89,"-
",I3R9G5
A0A5B7VMB4,-,360,CID1and0,-,269,3.6e-97,319.1,2.4,1,1,3.9e-97,4.1e-97,318.9,2.4,1,267,34,354,34,356,0.97,"-
",A0A5B7VMB4
D0ELI3|1of1,-,384,CID3,-,369,2.7e-100,330.2,3.5,1,1,2.3e-96,2.5999999999999998e-96,317.1,3.5,19,352,9,384,3,384,0.86,"-
",D0ELI3
W5U207|1of1,-,378,CID3,-,369,5.6e-100,329.2,3.8,1,1,4.4e-96,5e-96,316.2,3.8,21,352,5,378,1,378,0.86,"-
",W5U207
Q54276|1of1,-,384,CID3,-,369,7.1e-100,328.8,3.6,1,1,5.9e-96,6.799999999999999e-96,315.7,3.6,19,352,9,384,3,384,0.86,"-
",Q54276
A0A059UJT0|1of1,-,384,CID3,-,369,1.1e-99,328.2,3.7,1,1,7.299999999999999e-96,8.5e-96,315.4,3.7,19,352,9,384,3,384,0.86,"-
",A0A059UJT0
A0A3E2ECF9|1of1,-,384,CID3,-,369,1.7e-99,327.6,3.8,1,1,1.1e-95,1.3e-95,314.8,3.8,19,352,9,384,3,384,0.86,"-
",A0A3E2ECF9
P11797|1of1,-,384,CID3,-,369,1.7e-99,327.6,3.8,1,1,1.1e-95,1.3e-95,314.8,3.8,19,352,9,384,3,384,0.86,"-
",P11797
Q59924|1of1,-,277,CID1and0,-,269,2.2e-95,313.3,4.4,1,1,2.3e-95,2.3999999999999998e-95,313.1,4.4,3,256,1,275,1,277,0.98,"-
",Q59924
Q9KY99|1of1,-,277,CID1and0,-,269,2.2e-95,313.3,4.4,1,1,2.3e-95,2.3999999999999998e-95,313.1,4.4,3,256,1,275,1,277,0.98,"-
",Q9KY99
Q9Z9M9|1of1,-,277,CID1and0,-,269,2.2e-95,313.3,4.4,1,1,2.3e-95,2.3999999999999998e-95,313.1,4.4,3,256,1,275,1,277,0.98,"-
",Q9Z9M9
Q9WX42|1of1,-,423,CID3,-,369,4.8e-94,309.6,0.0,1,1,1.9e-93,2.2e-93,307.4,0.0,6,352,2,423,1,423,0.83,"-
",Q9WX42
Q9RHU3|1of1,-,277,CID1and0,-,269,1.9e-93,306.9,5.6,1,1,2e-93,2.1e-93,306.8,5.6,3,257,1,276,1,277,0.98,"-
",Q9RHU3
Q8RQP8|1of1,-,277,CID1and0,-,269,9.2e-93,304.6,3.1,1,1,9.8e-93,1e-92,304.5,3.1,3,256,1,275,1,277,0.98,"-
",Q8RQP8
F8WSY3|1of1,-,294,CID2,-,293,3.9e-92,302.3,0.5,1,1,1.4e-92,4.4e-92,302.2,0.5,3,288,3,294,1,294,0.94,"-
",F8WSY3
A8GFD6|1of1,-,375,CID3,-,369,1.9e-91,301.1,0.1,1,1,5e-91,5.8e-91,299.5,0.1,4,352,1,375,1,375,0.88,"-
",A8GFD6
Q59929|1of1,-,388,CID3,-,369,2.0999999999999998e-94,310.8,2.3,1,1,1.2999999999999998e-90,1.4999999999999999e-90,298.1,2.3,16,352,10,388,1,388,0.86,"-
",Q59929
A0A979GT74|1of2,-,428,CID3,-,369,7.7e-92,302.4,11.0,1,1,2.9e-90,3.2999999999999996e-90,297.0,11.0,2,352,1,428,1,428,0.88,"-
",A0A979GT74
I3R9G4|I3R9G4_HALMT,-,480,CID2,-,293,6.899999999999999e-90,295.0,0.0,1,1,3e-90,9.2e-90,294.5,0.0,2,293,181,477,180,477,0.94,"Chitinase / lysozyme OS=Haloferax mediterranei (strain ATCC 33500 / DSM 1411 / JCM 8866 / NBRC 14739 / NCIMB 2177 / R-4) OX=523841 PE=4 SV=1
",I3R9G4
E1W7P1,-,627,CID3,-,369,9.2e-89,292.3,0.0,1,1,1.1e-88,1.2e-88,291.8,0.0,13,367,4,406,1,408,0.91,"-
",E1W7P1
O50076|1of1,-,399,CID3,-,369,1.2e-109,361.0,8.4,1,2,2.7000000000000003e-87,3.2000000000000002e-87,287.2,1.3,3,263,2,285,1,304,0.91,"-
",O50076
I3R9G3|I3R9G3_HALMT,-,472,CID2,-,293,2.1e-86,283.6,0.0,1,1,1.1e-86,3.3e-86,282.9,0.0,2,293,183,470,182,470,0.97,"Chitinase OS=Haloferax mediterranei (strain ATCC 33500 / DSM 1411 / JCM 8866 / NBRC 14739 / NCIMB 2177 / R-4) OX=523841 PE=4 SV=1
",I3R9G3
K7ZK65|1of1,-,281,CID1and0,-,269,4.1000000000000005e-86,282.9,2.0,1,1,4.4e-86,4.6e-86,282.7,2.0,4,259,1,281,1,281,0.95,"-
",K7ZK65
D2DJ38|1of1,-,450,CID3,-,369,1.8e-107,353.8,3.7,1,2,2e-85,2.4e-85,281.0,0.5,2,278,1,318,1,326,0.89,"-
",D2DJ38
Q7PC53|1of2,-,366,CID3,-,369,5.9e-89,292.9,2.2,1,1,2.4e-85,2.7e-85,280.8,2.2,23,352,5,366,1,366,0.84,"-
",Q7PC53
F8WSQ4|1of1,-,297,CID2,-,293,2.1e-85,280.2,0.2,1,1,7.700000000000001e-86,2.4e-85,280.1,0.2,3,292,3,297,1,297,0.93,"-
",F8WSQ4
L7YAM9|1of1,-,408,CID3,-,369,3.9e-85,280.3,0.1,1,1,5e-85,5.8e-85,279.8,0.1,14,352,25,408,1,408,0.89,"-
",L7YAM9
B6A879|1of1,-,432,CID3,-,369,2.5e-84,277.7,0.0,1,1,3.3e-84,3.8e-84,277.1,0.0,23,352,34,432,17,432,0.87,"-
",B6A879
A0A0H3N7I6|1of1,-,379,CID3,-,369,3.8999999999999996e-83,273.7,0.1,1,1,4.2999999999999996e-83,5e-83,273.4,0.1,26,352,3,379,1,379,0.89,"-
",A0A0H3N7I6
Q18BV5|1of1,-,291,CID3,-,369,9.8e-85,279.0,0.0,1,1,5.5e-83,6.3e-83,273.0,0.0,21,352,2,291,1,291,0.94,"-
",Q18BV5
Q8VLQ3|1of1,-,464,CID3,-,369,4.0999999999999995e-105,346.1,2.4,1,2,3.6e-82,4.1e-82,270.4,0.9,2,275,1,333,1,346,0.86,"-
",Q8VLQ3
Q8P6S6|1of1,-,308,CID7,-,314,5.1e-82,269.5,4.5,1,1,5.3e-82,6.099999999999999e-82,269.2,4.5,8,297,3,308,1,308,0.96,"-
",Q8P6S6
Q9RMB8|1of1,-,452,CID3,-,369,9.2e-100,328.5,2.8,1,2,4.5e-81,5.2e-81,266.7,0.1,2,273,1,322,1,334,0.87,"-
",Q9RMB8
Q9ZIX4|1of1,-,464,CID3,-,369,8.300000000000001e-104,341.8,1.5,1,2,5.6e-81,6.5e-81,266.4,0.3,2,278,1,336,1,349,0.86,"-
",Q9ZIX4
U5N424|1of1,-,463,CID3,-,369,1.2e-103,341.2,4.0,1,2,6.1e-81,7.000000000000001e-81,266.3,1.0,2,278,1,335,1,365,0.86,"-
",U5N424
Q84AP8|1of1,-,461,CID3,-,369,9.299999999999999e-102,335.0,7.5,1,2,6.3000000000000004e-80,7.300000000000001e-80,263.0,3.0,2,274,1,329,1,341,0.85,"-
",Q84AP8
B3PB16|1of1,-,441,CID3,-,369,9.899999999999999e-102,334.9,1.6,1,2,2.2e-79,2.5e-79,261.2,0.2,2,273,1,321,1,349,0.88,"-
",B3PB16
Q87AJ8|1of1,-,306,CID7,-,314,1e-78,258.6,0.1,1,1,1.2e-78,1.3e-78,258.2,0.1,12,297,3,306,1,306,0.96,"-
",Q87AJ8
Q9L3E8|1of1,-,453,CID3,-,369,2.5e-99,327.1,0.5,1,2,1.1e-77,1.3e-77,255.6,0.0,2,272,1,329,1,342,0.86,"-
",Q9L3E8
B6A876|1of1,-,422,CID3,-,369,8.4e-78,256.2,0.0,1,1,2e-77,2.4e-77,254.7,0.0,53,352,68,422,1,422,0.83,"-
",B6A876
B0LS89|1of1,-,140,CID5,-,368,2.4e-77,254.6,1.2,1,1,1.8e-77,2.7e-77,254.5,1.2,75,214,1,140,1,140,0.98,"-
",B0LS89
D3YGV2|1of1,-,445,CID3,-,369,8.199999999999999e-96,315.5,3.6,1,2,3.2e-77,3.7e-77,254.1,0.4,2,275,1,324,1,334,0.87,"-
",D3YGV2
A1XNE9|1of1,-,457,CID3,-,369,4.9e-99,326.1,2.6,1,2,1.1e-76,1.3e-76,252.3,0.2,2,272,1,326,1,342,0.85,"-
",A1XNE9
B1VBB0|1of1,-,293,CID1and0,-,269,3.6e-76,250.3,1.3,1,1,3.8e-76,4e-76,250.1,1.3,3,255,1,288,1,293,0.92,"-
",B1VBB0
A0A0H4CS66|1of1,-,451,CID3,-,369,8.3e-98,322.0,2.1,1,2,3.2e-75,3.6999999999999997e-75,247.5,0.2,2,274,1,332,1,339,0.86,"-
",A0A0H4CS66
Q59145,-,542,CID2,-,293,4.3999999999999996e-75,246.4,1.3,1,1,1.4e-75,4.3999999999999996e-75,246.4,1.3,3,289,34,319,32,323,0.9,"-
",Q59145
Q8U1H5|2of2,-,265,CID2,-,293,8.6e-75,245.4,0.0,1,1,3.2e-75,9.7e-75,245.2,0.0,1,270,4,264,4,265,0.95,"-
",Q8U1H5
I3UID2|1of1,-,451,CID3,-,369,1e-94,311.8,8.6,1,2,1.3e-73,1.5e-73,242.2,2.1,3,273,2,331,1,343,0.86,"-
",I3UID2
Q0MRC2|1of1,-,451,CID3,-,369,1.1e-94,311.8,8.9,1,2,1.5e-73,1.7e-73,242.0,2.2,3,273,2,331,1,343,0.86,"-
",Q0MRC2
Q1HFN7|1of1,-,451,CID3,-,369,1.1e-94,311.8,8.9,1,2,1.5e-73,1.7e-73,242.0,2.2,3,273,2,331,1,343,0.86,"-
",Q1HFN7
P27050|1of1,-,251,CID1and0,-,269,1.5e-73,241.7,0.1,1,1,1.6e-73,1.6e-73,241.5,0.1,4,212,1,251,1,251,0.95,"-
",P27050
Q5NGW2|1of1,-,389,CID3,-,369,3.6e-89,293.6,9.7,1,2,9.6e-73,1.1e-72,239.4,2.7,5,293,2,306,1,311,0.87,"-
",Q5NGW2
Q9UWR7|2of2,-,272,CID2,-,293,7.100000000000001e-73,239.1,0.0,1,1,2.8e-73,8.600000000000001e-73,238.8,0.0,1,277,1,268,1,271,0.94,"-
",Q9UWR7
A9KSD6|1of1,-,226,CID1and0,-,269,1.7e-72,238.2,6.7,1,1,1.8e-72,1.9e-72,238.1,6.7,4,214,1,224,1,226,0.96,"-
",A9KSD6
A0Q5K5|1of1,-,389,CID3,-,369,1.3e-88,291.7,10.1,1,2,3.4e-72,4.0000000000000004e-72,237.5,3.1,5,293,2,306,1,311,0.87,"-
",A0Q5K5
Q09WI8|1of1,-,389,CID3,-,369,1.3e-88,291.7,10.1,1,2,3.4e-72,4.0000000000000004e-72,237.5,3.1,5,293,2,306,1,311,0.87,"-
",Q09WI8
B6DXA5|1of1,-,451,CID3,-,369,1.7e-93,307.8,7.1,1,2,7e-72,8.1e-72,236.5,2.8,2,273,1,331,1,341,0.86,"-
",B6DXA5
Q8Y619|1of1,-,279,CID1and0,-,269,6.7e-72,236.2,3.0,1,1,7.6e-72,7.9e-72,236.0,3.0,3,248,1,279,1,279,0.91,"-
",Q8Y619
Q9CE95|1of1,-,267,CID1and0,-,269,1.4e-71,235.2,2.4,1,1,1.6000000000000001e-71,1.6000000000000001e-71,235.0,2.4,3,234,1,265,1,267,0.91,"-
",Q9CE95
P96156|1of2,-,456,CID3,-,369,4.2e-92,303.2,9.7,1,2,2.5e-71,2.9000000000000003e-71,234.7,4.9,2,276,1,330,1,362,0.83,"-
",P96156
H8MZA8|1of1,-,250,CID1and0,-,269,2.1e-71,234.6,0.0,1,1,2.2e-71,2.3000000000000002e-71,234.5,0.0,3,210,1,250,1,250,0.95,"-
",H8MZA8
O07088|1of1,-,234,CID3,-,369,2.1e-69,228.6,0.0,1,1,2.9e-69,3.3999999999999996e-69,227.9,0.0,2,189,1,234,1,234,0.94,"-
",O07088
Q9FAC9|1of1,-,206,CID1and0,-,269,1.1e-68,225.8,2.3,1,1,1.1e-68,1.2e-68,225.6,2.3,3,183,1,202,1,206,0.95,"-
",Q9FAC9
O50506|1of1,-,193,CID2,-,293,9.499999999999999e-69,225.6,1.2,1,1,3.3999999999999996e-69,1.1e-68,225.4,1.2,4,185,1,192,1,193,0.95,"-
",O50506
Q81A65|1of1,-,206,CID1and0,-,269,1.4999999999999998e-68,225.3,2.5,1,1,1.4999999999999998e-68,1.6e-68,225.1,2.5,3,183,1,202,1,206,0.95,"-
",Q81A65
A5FB63|1of2,-,421,CID3,-,369,1.1999999999999999e-90,298.4,0.5,1,2,2.5e-68,2.8999999999999996e-68,224.8,0.0,2,270,1,304,1,315,0.9,"-
",A5FB63
D0VV09|1of1,-,196,CID1and0,-,269,2e-68,224.8,1.3,1,1,2.0999999999999997e-68,2.2e-68,224.7,1.3,3,180,1,195,1,196,0.97,"-
",D0VV09
Q7X4L4|1of1,-,196,CID1and0,-,269,2e-68,224.8,1.3,1,1,2.0999999999999997e-68,2.2e-68,224.7,1.3,3,180,1,195,1,196,0.97,"-
",Q7X4L4
Q8GI54|1of1,-,219,CID1and0,-,269,5.599999999999999e-68,223.4,0.4,1,1,5.899999999999999e-68,6.2e-68,223.2,0.4,5,211,1,218,1,219,0.97,"-
",Q8GI54
A1YLR3|1of1,-,206,CID1and0,-,269,1.5e-67,222.0,2.2,1,1,1.6e-67,1.6e-67,221.8,2.2,3,183,1,202,1,206,0.95,"-
",A1YLR3
Q59341,-,306,CID2,-,293,1.7e-67,221.5,0.7,1,1,7e-68,2.1e-67,221.1,0.7,17,280,32,290,20,303,0.92,"-
",Q59341
A0A143HNF3|1of1,-,210,CID1and0,-,269,4.9e-67,220.3,2.7,1,1,5.2000000000000004e-67,5.4e-67,220.2,2.7,3,197,1,208,1,210,0.97,"-
",A0A143HNF3
Q7NTW8|1of1,-,190,CID1and0,-,269,7.6e-67,219.7,1.5,1,1,8.1e-67,8.4e-67,219.5,1.5,3,180,1,189,1,190,0.97,"-
",Q7NTW8
P13656|1of1,-,197,CID2,-,293,6.1e-66,216.3,0.6,1,1,2.3e-66,7.1e-66,216.1,0.6,24,204,2,196,1,197,0.93,"-
",P13656
P96168|1of1,-,244,CID1and0,-,269,1.1e-65,215.8,0.1,1,1,1.2e-65,1.2e-65,215.7,0.1,3,211,1,243,1,244,0.93,"-
",P96168
Q6A4C3,-,472,CID2,-,293,9.8e-66,215.7,0.0,1,1,6.8e-66,2.1e-65,214.6,0.0,3,240,2,253,1,258,0.92,"-
",Q6A4C3
B3PCT3|1of1,-,187,CID1and0,-,269,5e-63,207.1,0.6,1,1,5.4e-63,5.599999999999999e-63,207.0,0.6,3,180,1,186,1,187,0.98,"-
",B3PCT3
Q700B8|1of1,-,244,CID1and0,-,269,7e-63,206.7,3.1,1,1,7.799999999999999e-63,8.2e-63,206.4,3.1,4,217,1,243,1,244,0.94,"-
",Q700B8
Q6QWH4,-,146,CID4,-,399,1.2e-62,206.4,0.1,1,1,8.6e-63,1.3e-62,206.3,0.1,154,296,2,146,1,146,0.99,"-
",Q6QWH4
Q9Z493|1of1,-,187,CID1and0,-,269,1.0999999999999999e-62,206.0,0.4,1,1,1.2e-62,1.2e-62,205.8,0.4,3,179,1,187,1,187,0.97,"-
",Q9Z493
A8GB37|1of1,-,246,CID1and0,-,269,1.2e-62,205.9,2.2,1,1,1.4e-62,1.4e-62,205.7,2.2,4,216,1,246,1,246,0.93,"-
",A8GB37
Q54442|1of1,-,243,CID1and0,-,269,1.2e-62,205.9,2.9,1,1,1.4e-62,1.4e-62,205.7,2.9,4,216,1,242,1,243,0.94,"-
",Q54442
Q9WXD3|1of1,-,243,CID1and0,-,269,1.3e-62,205.8,3.1,1,1,1.4999999999999998e-62,1.4999999999999998e-62,205.5,3.1,4,216,1,242,1,243,0.94,"-
",Q9WXD3
V5IV80|1of1,-,243,CID1and0,-,269,1.4e-62,205.7,2.8,1,1,1.4999999999999998e-62,1.5999999999999999e-62,205.5,2.8,4,216,1,242,1,243,0.93,"-
",V5IV80
X2KWS3|1of1,-,243,CID1and0,-,269,1.4e-62,205.7,2.8,1,1,1.4999999999999998e-62,1.5999999999999999e-62,205.5,2.8,4,216,1,242,1,243,0.93,"-
",X2KWS3
W5U2U1|1of1,-,243,CID1and0,-,269,3.4e-62,204.4,3.0,1,1,3.7999999999999996e-62,4e-62,204.2,3.0,4,216,1,242,1,243,0.93,"-
",W5U2U1
D0ELI4|1of1,-,244,CID1and0,-,269,5.3999999999999995e-62,203.8,3.5,1,1,6.1e-62,6.3e-62,203.5,3.5,4,217,1,243,1,244,0.94,"-
",D0ELI4
Q838S2|1of1,-,242,CID1and0,-,269,2.7e-61,201.5,2.6,1,1,3e-61,3.1e-61,201.3,2.6,3,212,1,242,1,242,0.92,"-
",Q838S2
Q9EY54|1of1,-,192,CID1and0,-,269,7.1e-61,200.1,0.1,1,1,7.6e-61,7.9e-61,199.9,0.1,3,180,1,191,1,192,0.95,"-
",Q9EY54
A8GHI4|1of1,-,378,CID3,-,369,4.6e-100,329.4,1.3,1,2,2.4e-60,2.7e-60,198.6,0.0,21,223,5,209,1,231,0.88,"-
",A8GHI4
Q8U1H5|1of2,-,174,CID3,-,369,1.6000000000000002e-59,196.1,1.0,1,1,1.5e-59,1.8e-59,195.9,1.0,188,352,2,174,1,174,0.94,"-
",Q8U1H5
Q9ZFP7|3of3,-,203,CID1and0,-,269,3.6e-59,194.5,0.0,1,1,3.8000000000000003e-59,4e-59,194.4,0.0,3,181,2,200,1,203,0.94,"-
",Q9ZFP7
B6EH15|1of1,-,199,CID1and0,-,269,4.6000000000000005e-59,194.1,0.0,1,1,5e-59,5.3e-59,194.0,0.0,3,180,1,198,1,199,0.94,"-
",B6EH15
Q8U1H4|1of1,-,156,CID3,-,369,2.1000000000000002e-58,192.4,0.1,1,1,2e-58,2.3000000000000002e-58,192.2,0.1,2,163,1,156,1,156,0.98,"-
",Q8U1H4
Q7PC52|1of1,-,196,CID1and0,-,269,3.5e-58,191.3,0.0,1,1,3.7e-58,3.9e-58,191.1,0.0,3,180,1,195,1,196,0.95,"-
",Q7PC52
D2CFK8|1of1,-,171,CID2,-,293,4.5e-58,190.5,0.3,1,1,1.6e-58,4.9e-58,190.4,0.3,21,183,2,171,1,171,0.97,"-
",D2CFK8
Q8GI52|1of1,-,198,CID1and0,-,269,2.7e-56,185.1,0.0,1,1,3.1e-56,3.3e-56,184.8,0.0,4,180,1,197,1,198,0.93,"-
",Q8GI52
A0A0M4K3X3|1of1,-,170,CID1and0,-,269,9e-53,173.5,0.0,1,1,9.4e-53,9.8e-53,173.4,0.0,15,180,6,169,1,170,0.96,"-
",A0A0M4K3X3
G3XCM1|1of1,-,170,CID1and0,-,269,9e-53,173.5,0.0,1,1,9.4e-53,9.8e-53,173.4,0.0,15,180,6,169,1,170,0.96,"-
",G3XCM1
Q9I1H5|1of1,-,170,CID1and0,-,269,9e-53,173.5,0.0,1,1,9.4e-53,9.8e-53,173.4,0.0,15,180,6,169,1,170,0.96,"-
",Q9I1H5
A5FB63|2of2,-,265,CID1and0,-,269,1.1e-52,173.2,1.9,1,1,1.2e-52,1.3e-52,173.0,1.9,4,211,2,264,1,265,0.89,"-
",A5FB63
F8WSQ2|1of1,-,182,CID1and0,-,269,4.1e-52,171.4,0.1,1,1,4.5e-52,4.7e-52,171.2,0.1,4,158,1,172,1,180,0.91,"-
",F8WSQ2
Q9F1K1,-,314,CID1and0,-,269,4.2999999999999994e-49,161.5,5.2,1,1,4.8e-49,5.000000000000001e-49,161.2,5.2,15,251,72,293,55,309,0.86,"-
",Q9F1K1
A0A979GT74|2of2,-,171,CID1and0,-,269,2.1999999999999997e-47,155.8,0.8,1,1,2.3e-47,2.4e-47,155.7,0.8,3,158,1,169,1,171,0.91,"-
",A0A979GT74
Q8RQP7|1of1,-,149,CID1and0,-,269,5.300000000000001e-44,144.8,0.0,1,1,5.6e-44,5.9e-44,144.6,0.0,23,155,1,149,1,149,0.94,"-
",Q8RQP7
P04067|1of1,-,195,CID1and0,-,269,2.3999999999999998e-43,142.6,0.6,1,1,2.4999999999999997e-43,2.5999999999999996e-43,142.5,0.6,28,182,1,162,1,194,0.86,"-
",P04067
A0A979G2X1|1of1,-,259,CID3,-,369,1.2e-45,150.4,2.1,1,2,4.9e-43,5.6e-43,141.6,0.4,2,256,1,206,1,226,0.88,"-
",A0A979G2X1
A0A979GQH9|2of2,-,261,CID3,-,369,1.2999999999999998e-47,156.9,0.3,1,2,5.699999999999999e-43,6.5999999999999995e-43,141.4,0.0,2,256,1,208,1,222,0.88,"-
",A0A979GQH9
O50590|1of1,-,209,CID3,-,369,1.1999999999999999e-43,143.8,0.1,1,1,9.999999999999999e-43,1.2e-42,140.5,0.1,2,255,1,207,1,209,0.87,"-
",O50590
Q830C5|1of1,-,183,CID1and0,-,269,6.5e-42,137.9,0.6,1,1,6.8e-42,7.1e-42,137.8,0.6,31,194,1,165,1,182,0.85,"-
",Q830C5
B0F618|1of1,-,192,CID3,-,369,1.8e-41,136.6,1.7,1,1,8.299999999999999e-41,9.5e-41,134.3,1.7,155,315,1,191,1,192,0.8,"-
",B0F618
Q05638|1of1,-,120,CID1and0,-,269,2.3999999999999998e-39,129.5,0.2,1,1,2.5e-39,2.6e-39,129.4,0.2,49,155,4,119,1,120,0.95,"-
",Q05638
A0A650AJ72|1of1,-,207,CID1and0,-,269,7.2e-39,127.9,0.3,1,1,8.4e-39,8.8e-39,127.6,0.3,26,213,3,207,2,207,0.86,"-
",A0A650AJ72
O69311|1of1,-,112,CID1and0,-,269,1.6e-36,120.2,0.3,1,1,1.7e-36,1.8e-36,120.1,0.3,54,155,1,111,1,112,0.95,"-
",O69311
Q9ZNJ2,-,494,CID2,-,293,2.7e-35,115.7,0.7,1,1,1.4e-35,4.4e-35,115.1,0.7,24,278,221,470,205,476,0.81,"-
",Q9ZNJ2
P80036|1of1,-,119,CID1and0,-,269,1.1e-34,114.2,1.2,1,1,1.1e-34,1.2e-34,114.1,1.2,26,136,2,119,1,119,0.92,"-
",P80036
Q5WXH7|1of1,-,195,CID1and0,-,269,6.299999999999999e-35,115.0,0.7,1,1,2.2e-34,2.3e-34,113.2,0.7,3,177,2,195,1,195,0.87,"-
",Q5WXH7
A0A7T7ZWH1|1of1,-,156,CID1and0,-,269,9.999999999999999e-33,107.8,0.3,1,1,1.1e-32,1.1e-32,107.6,0.3,27,160,1,154,1,156,0.87,"-
",A0A7T7ZWH1
P36911|1of1,-,156,CID1and0,-,269,9.999999999999999e-33,107.8,0.3,1,1,1.1e-32,1.1e-32,107.6,0.3,27,160,1,154,1,156,0.87,"-
",P36911
A0A7T7V0M3|1of1,-,282,CID1and0,-,269,1.7000000000000002e-32,107.1,11.7,1,1,3.7e-32,3.9e-32,105.9,11.7,2,267,2,281,1,282,0.88,"-
",A0A7T7V0M3
P36913|1of1,-,282,CID1and0,-,269,1.7000000000000002e-32,107.1,11.7,1,1,3.7e-32,3.9e-32,105.9,11.7,2,267,2,281,1,282,0.88,"-
",P36913
A5FB54|1of1,-,273,CID3,-,369,9.499999999999999e-35,114.5,0.6,1,2,3.8e-31,4.4e-31,102.5,0.1,3,272,2,229,1,246,0.8,"-
",A5FB54
P36912|1of1,-,261,CID1and0,-,269,7.000000000000001e-31,101.7,3.2,1,1,7.699999999999999e-31,8.1e-31,101.5,3.2,2,255,2,251,1,260,0.83,"-
",P36912
Q6X934|1of1,-,297,CID1and0,-,269,7.6e-30,98.3,0.6,1,1,9e-30,9.400000000000001e-30,98.0,0.6,3,248,2,294,1,297,0.79,"-
",Q6X934
I3YJU4,-,358,CID1and0,-,269,7.8e-29,95.0,1.2,1,1,1.2e-28,1.2e-28,94.4,1.2,15,260,91,321,74,330,0.81,"-
",I3YJU4
Q8VUU6|1of1,-,297,CID3,-,369,7.500000000000001e-32,105.0,0.0,1,2,8.000000000000001e-28,9.200000000000001e-28,91.5,0.0,2,260,1,234,1,257,0.81,"-
",Q8VUU6
Q8A0N4|Q8A0N4_BACTN,-,476,CID1and0,-,269,1.9e-26,87.2,0.9,2,2,5.899999999999999e-26,6.1e-26,85.5,0.0,22,177,217,381,191,421,0.79,"Endo-beta-N-acetylglucosaminidase F1 OS=Bacteroides thetaiotaomicron (strain ATCC 29148 / DSM 2079 / JCM 5827 / CCUG 10774 / NCTC 10582 / VPI-5482 / E50) OX=226186 PE=1 SV=1
",Q8A0N4
Q8A889|1of1,-,87,CID1and0,-,269,1.7000000000000002e-22,74.2,0.0,1,1,1.8000000000000001e-22,1.9e-22,74.1,0.0,60,142,1,86,1,87,0.93,"-
",Q8A889
B7GPC7|1of1,-,283,CID1and0,-,269,1.2e-21,71.5,2.1,1,1,2.4e-21,2.5e-21,70.4,2.1,14,254,25,271,2,281,0.76,"-
",B7GPC7
A0A0H3C1U3,-,843,CID1and0,-,269,5.7e-21,69.2,0.5,1,1,1.1e-20,1.1e-20,68.3,0.5,2,255,66,348,65,363,0.77,"-
",A0A0H3C1U3
B5XI26,-,843,CID1and0,-,269,5.7e-21,69.2,0.5,1,1,1.1e-20,1.1e-20,68.3,0.5,2,255,66,348,65,363,0.77,"-
",B5XI26
sp|T1WGN1|ENDS2_STRP9,-,843,CID1and0,-,269,5.7e-21,69.2,0.5,1,1,1.1e-20,1.1e-20,68.3,0.5,2,255,66,348,65,363,0.77,"Endo-beta-N-acetylglucosaminidase EndoS2 OS=Streptococcus pyogenes serotype M49 OX=301452 GN=endoS2 PE=1 SV=1
",sp
A0Q8N1|1of1,-,158,CID1and0,-,269,4.1e-20,66.4,1.0,1,1,5.3e-20,5.5e-20,66.0,1.0,3,151,1,158,1,158,0.85,"-
",A0Q8N1
Q09WI7|1of1,-,158,CID1and0,-,269,4.1e-20,66.4,1.0,1,1,5.3e-20,5.5e-20,66.0,1.0,3,151,1,158,1,158,0.85,"-
",Q09WI7
Q5NE83|1of1,-,157,CID1and0,-,269,9e-20,65.3,0.9,1,1,1.1e-19,1.1e-19,65.0,0.9,3,149,1,156,1,157,0.83,"-
",Q5NE83
Q839P8|Q839P8_ENTFA,-,835,CID1and0,-,269,1.1e-19,65.0,6.7,1,3,1.2e-19,1.2e-19,64.9,0.0,4,254,65,321,62,333,0.8,"mannosyl-glycoprotein endo-beta-N-acetylglucosaminidase OS=Enterococcus faecalis (strain ATCC 700802 / V583) OX=226185 PE=1 SV=1
",Q839P8
Q6U890|Q6U890_ENTFL,-,837,CID1and0,-,269,1.2e-19,64.8,0.0,1,3,1.2e-19,1.2e-19,64.8,0.0,4,254,65,321,62,333,0.8,"mannosyl-glycoprotein endo-beta-N-acetylglucosaminidase OS=Enterococcus faecalis OX=1351 GN=ndoE PE=3 SV=1
",Q6U890
C0M680|C0M680_STRE4,-,1018,CID1and0,-,269,5.6e-20,66.0,0.1,1,1,1.7e-19,1.8e-19,64.4,0.1,3,252,114,406,112,417,0.81,"mannosyl-glycoprotein endo-beta-N-acetylglucosaminidase OS=Streptococcus equi subsp. equi (strain 4047) OX=553482 PE=3 SV=1
",C0M680
I3YJT2,-,505,CID1and0,-,269,1.1e-19,65.0,0.0,1,1,1.9e-19,2e-19,64.2,0.0,17,173,210,375,203,457,0.76,"-
",I3YJT2
A0A191T6R1|A0A191T6R1_STRDY,-,1067,CID1and0,-,269,2.1e-19,64.1,0.2,1,1,3.8e-19,4e-19,63.2,0.2,2,252,112,407,111,425,0.79,"mannosyl-glycoprotein endo-beta-N-acetylglucosaminidase OS=Streptococcus dysgalactiae subsp. dysgalactiae OX=99822 PE=3 SV=1
",A0A191T6R1
E8MUK6,-,555,CID1and0,-,269,4.6e-19,63.0,4.2,1,1,1.3e-18,1.3e-18,61.5,4.2,14,252,84,329,60,339,0.71,"-
",E8MUK6
A0ABD7UW17,-,995,CID1and0,-,269,2.5e-17,57.3,0.2,1,1,5.9e-17,6.2e-17,56.0,0.2,2,253,113,409,112,429,0.78,"-
",A0ABD7UW17
J7M8R4,-,1013,CID1and0,-,269,2.6e-17,57.3,0.2,1,1,6.2e-17,6.4e-17,56.0,0.2,2,253,131,427,130,447,0.78,"-
",J7M8R4
Q9APG4,-,995,CID1and0,-,269,2.5e-17,57.3,0.2,1,1,5.9e-17,6.2e-17,56.0,0.2,2,253,113,409,112,429,0.78,"-
",Q9APG4
sp|Q99Y92|ENDOS_STRP1,-,995,CID1and0,-,269,3.3e-17,56.9,0.3,1,1,8e-17,8.4e-17,55.6,0.3,3,253,114,409,112,429,0.78,"Endo-beta-N-acetylglucosaminidase EndoS OS=Streptococcus pyogenes serotype M1 OX=301447 GN=endoS PE=1 SV=1
",sp
A0AAT8XUK0|A0AAT8XUK0_STRSZ,-,961,CID1and0,-,269,1.1e-15,51.9,0.1,1,1,3e-15,3.2e-15,50.4,0.1,3,251,96,387,94,395,0.8,"mannosyl-glycoprotein endo-beta-N-acetylglucosaminidase OS=Streptococcus equi subsp. zooepidemicus Sz105 OX=1381089 PE=1 SV=1
",A0AAT8XUK0
A0AAT8XUJ0|A0AAT8XUJ0_STRSZ,-,992,CID1and0,-,269,2.4e-15,50.8,1.4,1,1,3.2e-15,3.4e-15,50.3,0.1,3,251,96,387,94,395,0.8,"mannosyl-glycoprotein endo-beta-N-acetylglucosaminidase OS=Streptococcus equi subsp. zooepidemicus Sz105 OX=1381089 PE=1 SV=1
",A0AAT8XUJ0
A0A0P0FQI4|A0A0P0FQI4_BACT4,-,364,CID1and0,-,269,5.3e-15,49.7,2.6,1,1,3e-14,3.2e-14,47.1,2.6,78,257,157,346,71,354,0.76,"Endo-beta-N-acetylglucosaminidase family protein OS=Bacteroides thetaiotaomicron OX=818 PE=1 SV=1
",A0A0P0FQI4
Q8A8X3|Q8A8X3_BACTN,-,364,CID1and0,-,269,5.3e-15,49.7,2.6,1,1,3e-14,3.2e-14,47.1,2.6,78,257,157,346,71,354,0.76,"Secreted endoglycosidase, GH family 18 OS=Bacteroides thetaiotaomicron (strain ATCC 29148 / DSM 2079 / JCM 5827 / CCUG 10774 / NCTC 10582 / VPI-5482 / E50) OX=226186 PE=4 SV=1
",Q8A8X3
Q9S675|Q9S675_STRCO,-,270,CID5,-,368,3e-13,43.8,3.1,2,2,3.1e-12,4.6e-12,39.8,0.2,2,31,241,270,240,270,0.95,"Chitinase OS=Streptomyces coelicolor (strain ATCC BAA-471 / A3(2) / M145) OX=100226 GN=chi PE=4 SV=1
",Q9S675
