"tip","has_prom","is_12"
"A0A4R5C255|1of1",0,0
"A0A6I1YR46|1of1",0,0
"P14529|1of1|ref",0,0
"A0A5M7C9P2|1of1|ref",0,0
"A0A9X2SHV4|1of1",0,0
"A0A0A0ND72|1of1",0,0
"A0AAU2HI16|1of1",0,0
"A0AB39RRW4|3of3",1,0
"A0A4D4K4Y5|1of1",0,0
"A0A2T7TDA3|1of1",0,0
"A0A0X3SH51|1of1",0,0
"A0AAU1IFZ0|1of1",0,0
"A0A9W6UL76|1of1",0,0
"A0A2S4YTB5|1of1",0,0
"A0A7K3A0U4|1of1",0,0
"A0A238ZIG1|1of1",0,0
"A0A429B0K2|1of1",0,0
"A0A931A9D2|1of1",0,0
"A0A4R2H091|1of1",0,0
"A0A427TN29|1of1",0,0
"A0A919JUX7|1of1",0,0
"A0A7J5C9E4|1of1",0,0
"A0A7H1Q9Z1|1of1",0,0
"A0A0Q6ME22|1of2",0,0
"A0AAU5NS77|1of1",0,0
"A0AAU1PH99|1of1",0,0
"A0A939JKX3|1of1",0,0
"A0AAU1C998|1of1",0,0
"A0A2A3JA86|1of1",0,0
"A0AAU6FEE3|1of1",0,0
"A0A0M8VN40|1of1",0,0
"A0AAU5SXM3|1of1",0,0
"A0A1Q4W0W6|1of1",0,0
"A0A9W6Q0W8|1of1",0,0
"A0A2P2GPQ0|1of1",0,0
"A0A6N9V4J3|1of1",0,0
"A0A6B2VIQ1|1of1",0,0
"A0A3G2J6H9|1of1",0,0
"A0A5J4K6W7|1of1",0,0
"A0A257Z424|1of1",0,0
"A0A258J1N2|1of1",0,0
"A0A3S4LGA4|1of1",0,0
"A0A2S8KJ83|1of2",1,0
"A0A7I9ZSW2|1of2",1,0
"A0AAN1I9F3|1of1",0,0
"A0A0G1FEY9|1of1",0,0
"A0A545BI60|1of1",0,0
"A0A9X6LEV6|1of1",0,0
"A0A6G4CMV1|1of1",0,0
"R8WJR9|1of1",0,0
"A0A482PJ69|1of1",0,0
"A0A0H2VD17|1of1",0,0
"A0A1Q5F0T4|1of1",0,0
"A0A2H5AW99|1of1",0,0
"A0A919SL20|1of1",0,0
"A0A8J3U4J9|1of1",0,0
"A0AAU2E8R9|1of1",0,0
"A0A429HYE5|1of1",0,0
"A0AAU1MG97|1of1",0,0
"A0A1H0IXH9|1of1",0,0
"A0A286FSV0|1of1",0,0
"F2R3N3|1of1|ref",0,0
"A0A6G2V7T8|1of1",0,0
"A0A944ECL2|1of1",0,0
"A0A431LS51|1of1",0,0
"A0A0Q6MD47|1of1",0,0
"A0A0Q6ME22|2of2",0,0
"A0A951UV01|1of1",1,0
"D3EK74|1of1",0,0
"A0A015SSG1|1of1",0,0
"A0A7T7V0P2|1of1",0,0
"A0A1E5GA92|1of1",0,0
"A0A7T7HBU7|1of1",0,0
"A0A5B2VS66|1of1",0,0
"A0A2P8FRZ5|1of1",0,0
"A0A7W6K8L9|1of1",0,0
"A0A6A1XPQ2|1of1",0,0
"A0A5B3GKF8|1of1",0,0
"P36911|1of1|ref",0,0
"A0A7Z7LVK9|1of1",0,0
"A0A415Q0R8|1of1",0,0
"A0A3A5WLZ6|1of1",0,0
"A0A412XU72|1of1",0,0
"A0A7V1SRB6|1of1",0,0
"A0A5D8ZNC1|1of1",0,0
"A0A420CKH5|1of1|ref",0,0
"A0A411DRE2|1of1",0,0
"A0A4R8CWR7|1of1",0,0
"P04067|1of1|ref",0,0
"A0A5J6GA47|1of1",0,0
"A0A7G2D6V4|1of1",0,0
"A0A640MQ11|1of1",0,0
"P80036|1of1|ref",0,0
"A0AAD3AVF3|2of2",0,0
"A0A3S3QTC6|1of1",0,0
"A0AAI8BIF5|1of2",0,0
"A0AAP3HD61|1of1",0,0
"A0A167F4N4|1of1",0,0
"A0A150P7L5|1of1",1,0
"A0AA90R2P8|1of1",0,0
"A0A0M4KCA6|1of1",0,0
"A0A0V8CKA6|1of1",0,0
"A0A2T3ILP5|1of1",0,0
"A0A454CRX6|1of1",0,0
"A0A837NXJ2|1of1|ref",0,0
"A0A2N7CJR6|1of1",0,0
"Q838S2|1of1|ref",0,0
"A0AAQ3WAX7|1of1",0,0
"A0A099WEB1|1of1",0,0
"A0A3T2I268|1of1",0,0
"A0A829A2C1|1of1",0,0
"A0AAJ2NDQ8|1of1",0,0
"Q9WXD3|1of1|ref",0,0
"A0A3G7UCR3|1of1",0,0
"J2PM95|1of1",0,0
"A0A8H9Z8V5|1of1",0,0
"S4APZ7|1of1",0,0
"A0A2A3HW91|1of1",0,0
"A0A150VND8|1of1",0,0
"A0A1T3VL21|1of1",0,0
"A0A381ETT0|1of1",0,0
"A0A1I0ZRS5|1of1",0,0
"A0A3N7K052|1of1",0,0
"A0A7H8PZD8|1of1",0,0
"A0AA46UHT3|1of1",0,0
"A0A8I2HE34|1of1",0,0
"A0A0Q0Q217|1of1",0,0
"A0A413RBI4|3of3",0,0
"A0A953R518|1of1",0,0
"A0A848LQP1|1of1",0,0
"P27050|1of1|ref",0,0
"A0A329QZH3|1of1",0,0
"A0A8J6I2A2|1of1",0,0
"A7GCA5|1of1",0,0
"A0A329FAB9|1of1",0,0
"A0A1G7R0D1|2of2|ref",0,0
"A0A3C1WNL0|1of1",0,0
"A0A7X3IFY2|1of1",0,0
"A0A2P8IBY0|1of1",0,0
"A0A973LUT2|1of1",0,0
"A0A8J3WJ19|1of1",0,0
"A0A1H3RUQ4|1of1",0,0
"A0A850J7G8|1of1",0,0
"A0AAU5UMC3|1of1",0,0
"A0A2L0N712|1of1",0,0
"A0A4Y3RTZ4|1of1",0,0
"Q05638|1of1|ref",0,0
"A0AAU8J0G0|1of1",0,0
"A0A1H3P9Y6|1of1",0,0
"A0A7X3CN77|1of1",0,0
"A0A1H7GZL9|1of1",0,0
"A0A0A6UB86|1of1",0,0
"A0A6I5W9U3|1of1",0,0
"A0A6F8YM13|1of1",0,0
"A0A6L9QHM7|1of1",0,0
"A0A5S4G042|1of1",0,0
"A0A1Q4WYD5|1of1",0,0
"A0A164RM01|1of1",0,0
"A0A2P8IDT9|1of1",0,0
"A0A0H3CZ70|1of1",0,0
"A0A563EGS5|1of1",0,0
"A0A4V6N3Q8|1of1",0,0
"A0A939IB76|1of1",0,0
"A0A3N4RPU1|1of1",0,0
"A0A505D7J4|1of1|ref",0,0
"A0AAU4S882|1of1",0,0
"A0A327V961|1of1",0,0
"A0A2T7LZR1|1of1",0,0
"A0A5P2DQ14|1of1",0,0
"A0A3R9XTW6|1of1",0,0
"A0A6G7T7A4|1of1",0,0
"A0A087K7V2|1of1",0,0
"A0A966KUM6|1of1",0,0
"A0A1F7JRD4|1of1",0,0
"A0A2P8G0T5|1of1",0,0
"A0A1G1VQY3|1of1",0,0
"A0A9E6K225|1of1",0,0
"A0A0G1KPH3|1of1",0,0
"A0A8T3QE26|1of1",0,0
"A0A0G0VMH8|1of1",0,0
"A0A536LFQ0|1of1",0,0
"A0A536GMW5|1of1",0,0
"A0A536E7L0|1of1",0,0
"A0A535MLJ7|1of1",0,0
"A0A1F8RW44|1of1",0,0
"A0A7V1EHM8|1of1",1,0
"A0A836W572|1of1",0,0
"A0A7V4U1X6|1of1",0,0
"A0A497ZJ07|1of1",0,0
"A0A973IP91|1of1",0,0
"A0A3M1JRT8|1of1",1,0
"A0A2E4AII5|1of1",1,0
"A0A7C7CYW5|1of1",0,0
"A0A2E8GXT4|1of1",0,0
"A0A946EXM6|1of1",0,0
"A0A7Z9UHT8|1of1",0,0
"A0A3B8HUQ9|1of1",0,0
"A0A356UCN0|1of1",0,0
"M6VG29|1of1",0,0
"M6KKZ7|1of1",0,0
"A0A939UAG0|1of1",0,0
"A0A3C1SGT6|1of1",0,0
"A0A7V6TAJ9|1of1",0,0
"A0AAC9RN13|1of1",0,0
"A0A1I0DNM9|1of1",0,0
"A0A972HU04|1of1",0,0
"A0A1Y4UJP4|1of1",0,0
"E0IA81|1of1",0,0
"A0A3A6PGU0|1of1",0,0
"D7CMI6|1of1",0,0
"D3E5B5|1of1",0,0
"A0A7Z7CEU3|1of1|ref",0,0
"A0A7H0YA09|1of1",0,0
"A0A132UC03|1of1",0,0
"A0A7X3IFJ0|1of1",0,0
"A0A6H1RH49|1of1",0,0
"A0A1G1WAZ5|1of1",0,0
"B8FYW8|1of1",0,0
"A0A1C6PNM4|1of1",0,0
"A0A2S6PHS4|1of1",0,0
"A0A7Y1ZW31|1of1",0,0
"A0A7D6IGA3|1of1",0,0
"A0A6L6EJJ9|1of1",0,0
"B8G8N7|1of1",0,0
"E1IBD4|1of1",0,0
"A0A7Y2SLE4|1of1",0,0
"A0A4Z1AH30|1of1|ref",0,0
"A0A0M4N8B0|1of1",0,0
"A0A5F2DN28|1of1",0,0
"A0A0E2B0A1|1of1",0,0
"A0A956UHL3|1of1",0,0
"A0A969H998|1of1",0,0
"A0A955GY46|1of1",0,0
"A0A1G2S8K3|1of1",0,0
"A0A1F6E986|1of1",0,0
"A0A1F6ECB0|1of1",0,0
"A0AA92NY69|1of1",0,0
"A0A2P7VDD4|1of1",0,0
"A0A934I0Z4|1of1",0,0
"A0A0P7JLN6|1of1",0,0
"A0AAJ5RH84|1of1",0,0
"A0A2W1TFE8|1of1",0,0
"A0A6N0Y908|1of1",0,0
"A0AAF0LW34|1of1",0,0
"A0A0Q7BL86|1of1",0,0
"A0A7C3AS45|1of1",0,0
"T0I4V4|1of1",0,0
"G2FQW6|1of1",0,0
"A0AA46P9P4|1of1",0,0
"A0AAJ1VCI2|1of1",0,0
"A0AB94IQA0|1of1",0,0
"A0AA90QSU5|1of1",0,0
"A0A1S2RE47|1of1",0,0
"A0A2C2V0L8|1of1",0,0
"A0A4S4BX19|1of1",0,0
"Q5KY74|1of1",0,0
"O05495|1of1|ref",0,0
"A0A1G9XB17|1of1",0,0
"A0A419SXU1|1of1",0,0
"A0A168PHJ0|1of1",0,0
"A5N6W5|1of1",0,0
"A0AB39BSU9|1of1",0,0
"A0A1M5Y7X7|1of1",0,0
"A0A355RYJ8|1of1",0,0
"A0A544TGH6|1of1",0,0
"P0DPJ9|1of1|ref",0,0
"Q9K3E4|1of1|ref",0,0
"A0A8I1GMI5|1of1",0,0
"A0A285S162|1of1",0,0
"A0A2S0K6G8|1of1",0,0
"A0A0W7YN08|1of1",0,0
"A0A927RCC4|1of1",0,0
"A0A1I1A411|1of1",0,0
"A0A024Q678|1of1",0,0
"A0A2Z4MIH2|1of1",0,0
"A0A0Q9T043|1of1",0,0
"A0A4V3WDZ9|1of1",0,0
"A0A5C8MSM7|1of1",0,0
"A0A553LCQ5|1of1",0,0
"A0AA96MVE4|1of1",0,0
"P37531|1of1|ref",0,0
"A0A8I1WI30|1of1",0,0
"A0A418T651|1of1|ref",0,0
"A0A285CMY7|1of1",0,0
"A0A265N5V4|1of1",0,0
"A0A919WRD3|1of1",0,0
"A0A1H9GI38|1of1",0,0
"A0A4R5VQJ1|1of1",0,0
"A0A9W4PH31|1of1",0,0
"A0A2N5GDY9|1of1",0,0
"A0A4Q1S304|1of1",0,0
"A0A150MMM4|1of1",0,0
"A0A7X9BRJ6|1of1",0,0
"R1CNL0|1of1",0,0
"A0A6P1TQ28|1of1",0,0
"A0A2M8ZBR0|1of1",0,0
"A0A352T218|1of1",0,0
"A0A521JRL2|1of1",0,0
"A0A7U9RRZ1|1of1",0,0
"A0A412CAB8|1of1",0,0
"A8S1M9|1of1",0,0
"A0A2V3Y6U8|1of1",0,0
"A0A099S902|1of1",0,0
"A0A099SBU9|1of1",0,0
"B1IJ94|1of1",0,0
"A0A4R2BFX7|1of1",0,0
"A0AA95MEH6|1of1",0,0
"A0A7Y8WSG7|1of1",0,0
"A0A9X7J341|1of1",0,0
"I8R071|1of1",0,0
"D9TNK9|1of1",0,0
"M8CVP9|1of1",0,0
"A0A562GJ23|1of1",0,0
"A0A212LSE8|1of1",0,0
"A0A1V5JXT9|1of1",0,0
"A0A7C6C976|1of1",0,0
"A0A939TH90|1of1",0,0
"A0A8J6I3I3|1of1",0,0
"A0A173N005|1of1",0,0
"A0AAU0NVD8|1of1",0,0
"A0A166QXY6|1of1",0,0
"A0A535QAF3|1of1",0,0
"A0A536QEL9|1of1",0,0
"A0A535QQ68|1of1",0,0
"A0A2V7H227|1of1",0,0
"A0A7V1M3G1|1of1",0,0
"A0A4S4BXR1|1of1",0,0
"A0A9W3P446|1of1",0,0
"A0A7M2Y6D7|1of1",0,0
"A0A420CFH6|1of1",0,0
"A0A4Q1F2V2|1of1",0,0
"A0A841LJL2|1of1",0,0
"A0A5C1HUI1|1of1|ref",0,0
"A0A930P9V9|1of1",0,0
"A0A257I0N1|1of1",0,0
"A0A9E2SB20|1of1",0,0
"A0A2V8VTS5|1of1",0,0
"A0A1Q7YRR5|1of1",0,0
"A0A2V9YQL0|1of1",0,0
"A0A7Y9TA16|1of1",0,0
"A0A428MMQ8|1of1",0,0
"W6MAR3|1of1",0,0
"A0A2V8QLJ3|1of1",0,0
"A0AAW3KHM4|1of1",0,0
"A0A5A7VL46|1of1",0,0
"A0A1M7GXF3|1of1",0,0
"B0T3D0|1of1",0,0
"A0A2T5GIS0|1of1",0,0
"A0A2W5P5M4|1of1",0,0
"A0A1W7M5Z3|1of1",0,0
"A0A8S0GSP0|1of1",0,0
"A0AB74D025|1of1",0,0
"A0A9W5LL12|1of1",0,0
"O32258|1of1|ref",0,0
"O31682|1of1|ref",0,0
"A0A6G1X9A6|1of1",0,0
"A0A431W0B1|1of1",0,0
"A0A9X1DNB0|1of1",0,0
"A0A2P7VKB2|1of1",0,0
"A0A2M9N2K0|1of1",0,0
"A0A3N6CC33|1of1",0,0
"A0A1R0ZB87|1of1",0,0
"A0A2N9Z3X8|1of1|ref",0,0
"A0A4Y8LXD7|1of1",0,0
"A0A418TA90|1of1",0,0
"A0A1Y5K9S0|1of1",0,0
"A0A926KNN6|1of1",0,0
"A0A0P9DJ33|1of1",0,0
"A0A916K8H6|1of1",0,0
"R7FHT5|1of1",0,0
"G0VM00|1of1",0,0
"W1W8X1|1of1",0,0
"A0A8J8MAQ9|1of1",0,0
"A0A416EYA6|1of1",0,0
"A0A417FD09|1of1",0,0
"A0A414D7L0|1of1",0,0
"A0A174PS43|1of1",0,0
"D7GSB2|1of1",0,0
"A0A1D3TRH3|1of1",0,0
"A0A3A6FY23|1of1",0,0
"A0A6N2RGF8|1of1",0,0
"F7KPP4|1of1",0,0
"A0A413BHB5|1of1",0,0
"A0A373UE61|1of1",0,0
"A0A3D5LD54|1of1",0,0
"A0A414RLB8|1of1",0,0
"A0A6L6XJH9|1of1",0,0
"A0A7C6UXG3|1of1",0,0
"A0A970J9V3|1of1",0,0
"A0A1F0GEE6|1of1",0,0
"I3E847|1of1",0,0
"A0AA96N1M8|1of1",0,0
"V6M8X7|1of1",0,0
"A0A6N9Q5R9|1of1",0,0
"A0A0P9DSJ4|1of1",0,0
"A0A1A5YVG0|1of1",0,0
"A0A418SNX1|1of1",0,0
"A0A7Z2ZRK3|1of1",0,0
"A0A917D230|1of1",0,0
"A0A1H7YCL9|1of1",0,0
"A0A329QGV0|1of1",0,0
"A0A0E4HDR3|1of1",0,0
"A0A933XAG6|1of1",0,1
"A0A1G1BBJ5|1of1",1,1
"A0A6B3UU21|1of1",0,1
"A0A418WJK4|1of1",0,1
"A0A0H4WZF4|1of1",1,1
"H8MUM6|1of1|ref",1,1
"A0A3A8HAY2|1of1",1,1
"A0A5B3GMD1|1of1",0,0
"A0A285ZQD3|1of1",0,1
"A0A101TWC9|1of1",1,0
"L8P1E0|1of1",0,0
"A0A7H8PJW8|1of1|ref",0,0
"A0A1H4IP28|1of1",0,0
"A0A8T0C5U0|1of1",0,1
"A7UG63|1of1",1,0
"A0A9D5TAX3|1of1",0,0
"R7AQK3|1of1",0,0
"A0A372Z340|1of1",0,0
"A0AAW4ZHY1|1of1",0,0
"A0A174TMX2|1of1",0,1
"A0A0W1D8A6|1of1",0,1
"A0A1U9NAP8|1of1",0,1
"A0A7K1WUT6|1of1",0,1
"A0A1T5CDZ6|1of1",0,1
"A0A9X2JGC5|1of1",0,1
"A0A959AUA3|1of1",1,1
"A0A9E2DPG2|1of1",0,1
"A0A2G6T9Q5|1of1",0,1
"A0A2R7KXX1|1of1",0,1
"A0A852T998|1of1",0,1
"A0A2C1ZFA0|1of1",0,1
"A0A0Q4L6N0|1of1",0,1
"A0A0T5VV30|1of1",0,1
"A0A1Y2RHE5|1of1|ref",0,1
"A0A935F9Z6|1of1",0,1
"A0A3P3UBD0|1of1",0,1
"A0A948RGI6|1of1",0,1
"A0AA51DDB3|1of1",0,1
"A0A7U4E602|1of1",0,1
"A0A5S3QRP5|1of1",0,1
"A0A936ZUA5|2of3",0,1
"A0A2M9BAE7|1of1",0,1
"A0AAU0REM6|1of1",0,1
"A0A841BMP2|1of1",0,1
"A0A4R4Q2S2|1of1",0,1
"A0A5C4QWQ9|1of1",0,1
"A0A3A8RTQ0|1of1",0,1
"A0A1H7PJC8|1of1",1,1
"A0A2E5W4C4|1of1",0,1
"L0DD69|1of1",0,1
"A0A916NFA3|1of1",0,1
"A0A1Y6KW18|1of1|ref",0,1
"A0A1Y6MCM0|1of1",0,1
"A0A1H7I491|1of2",0,1
"A0A023BW51|1of1",0,1
"A0A9E7CTU1|1of3",0,1
"A0A936ZUA5|1of3",0,1
"A0A1H7L5A6|1of3",0,1
"A0A482Y1Q5|1of1",0,1
"A0A4P9THL2|1of1",0,1
"A0AAD3ASI3|1of1",0,1
"A0A2N5EE67|1of1",1,1
"A7GH50|1of1",0,1
"A0A1C8FNW5|1of1",0,1
"A0A5B0WQJ0|1of1",1,1
"A0A6B4FZF7|1of1",1,1
"A0A0M0F1X2|1of1",0,1
"A0A1S2KLC1|1of1",0,1
"A0A1S6F5A2|1of1",0,1
"A0A919GGB7|1of1",1,1
"A0AAU2HDY7|1of1",1,1
"A0A5P9J2I8|1of1",0,1
"A0A7Y4B1G5|1of1",0,1
"P96156|1of1|ref",0,1
"B7VRF8|1of1|ref",0,1
"A0A076HB65|1of1",0,1
"A0A358CUN6|1of1",0,1
"H3SDP8|1of2",0,1
"A0A7U7YJI0|1of1",0,1
"A0A4Y3JPW4|1of1",0,1
"A0A0C1Z1S8|1of1",0,1
"A0A1T4ML36|1of1",0,1
"A0A0U3MSZ2|1of1",0,1
"A0A5C6Z7S2|1of1",0,1
"A0A1H6C142|1of1",0,1
"A0A7Y4E9T7|1of1",0,1
"B6A879|1of1|ref",0,1
"F6KTD4|1of1",0,1
"B6A876|1of1|ref",0,1
"A0A329WIZ9|1of1",0,1
"A0A5E4W3K7|1of1",0,1
"A0A447PN04|1of1",0,1
"F7NXL7|1of1",0,1
"A0A1H4FLX1|1of1",0,1
"A0A8B2SDI3|1of1",0,1
"P07254|1of1|ref",0,1
"A0AAW6X8C9|1of1",0,1
"A0A1S6HQG7|1of1",0,1
"A3D751|1of1",0,1
"A0A6S4T560|1of1",0,1
"A0A8E2NA29|1of1",0,1
"A0AAV3EUB7|1of1",0,1
"A0A9Q8XKS6|1of1",0,1
"A0A1T4NNU6|1of1",0,1
"P32823|1of1|ref",0,1
"A0A0N1ES29|1of1",0,1
"A0A7Y9NP26|1of1",0,1
"A0A327NQ76|1of1",0,1
"A0A7W2M5S0|1of1",0,1
"A0A8J7IGC4|1of1",0,1
"A0A418PR50|1of1",0,1
"A0A0Q9ZG59|1of1",0,1
"A0A1G6XEK3|1of1",0,1
"W6TQG6|1of1",0,1
"A0AAJ2GC06|1of1",0,1
"A0A4U1CKV9|1of1",0,1
"A0A7K1Y1A0|1of1",0,1
"A0A373GR53|1of1",0,1
"A0A7Z7CFK5|1of1",0,1
"A0A1V3Q2P4|1of1",0,1
"A0A522JKQ4|1of1",0,1
"A0A328P774|1of1",0,1
"A0A2W6VTG7|1of1",0,1
"A0A1R1AZ10|1of1",0,1
"A0A841MM08|1of1",0,1
"A0A5C8V8Z4|1of1",0,1
"A0A9E2ARS3|1of1",0,1
"A0A2G6TAK0|1of1|ref",0,1
"A0A1J7BM16|1of1",0,1
"A0A1X9Z834|1of1",0,1
"A0A1V9ETC2|1of1",0,1
"A0A0H3N1L0|1of1",0,1
"A0AAP8PI92|1of1",0,1
"A0A6G9RLS8|1of1",0,1
"A0A1Q4G719|1of1",0,1
"A0A4R0NAE8|1of1",0,1
"A0A414LGH4|1of1",0,1
"A0A3A5PE58|1of1",0,1
"A0A069SEV1|1of1",0,1
"A0A374PZE8|1of1",0,1
"A0A2N2ZE41|1of1",0,1
"P11797|1of1|ref",0,1
"A0AA45BLA1|1of1",0,1
"A0AAJ1UDJ7|1of1",0,1
"A0A850BBL3|1of1",0,1
"A5FB63|1of2|ref",0,1
"A0A268JUH0|1of1",0,1
"A0A1C5PF82|1of1",0,1
"A0A3E2NGH4|1of1",0,1
"A0A4R3MRT0|1of1",0,1
"W0T116|1of1",0,1
"A0A2A5IZK2|1of1",0,1
"A0A1Q5XV66|1of1",0,1
"P20533|1of1|ref",0,1
"A0A358GLS8|1of1",0,1
"A0A385THE8|1of1|ref",0,1
"A0A5C5AND6|1of1",0,1
"A0AA45MQ70|1of1",0,1
"A0A4Y9SY11|1of1",0,1
"A0A1M7R1R9|1of1",0,1
"A0A4Q0SYJ7|1of1",0,1
"A0A810NHP7|1of1",0,1
"A0AAU1PMH4|1of1",0,1
"A0A0D0NRC8|1of1",0,1
"A0A9X2NN61|1of1",0,1
"A0AAU4MGR9|1of1",0,1
"A0A4R0IBU7|1of1",0,1
"A0A3N1V3Z4|1of1",0,1
"A0AAU1PCF8|1of1",0,1
"A0A973Q7Z4|1of1",0,1
"A0A516ND42|1of1",0,1
"A0A6M5UGJ4|1of1",0,1
"A0A4Y8QY67|1of1",0,1
"A0A7W8B848|1of1",0,1
"A0A5M3Y0P1|1of1",0,1
"A0A8J3RIB1|1of1|ref",0,1
"A0A8J3WG23|1of1",0,1
"A0A6B2SXG8|1of1",0,1
"A0A3Q8VTD7|1of1",0,1
"A0A6I5HRV3|1of1",0,1
"A0A7Y9XDR8|1of1",0,1
"A0A438LXD4|1of1",0,1
"A0A8G1XC51|1of1",0,1
"A0A1V3C8Z9|1of1",0,1
"A0A9P2WRF8|1of1",0,1
"A0A8J3CGZ7|1of1",0,1
"A0A1H6ECJ6|1of1",0,1
"A0A4R6JK13|1of1",0,1
"A0AAU5ZPB8|1of1",0,1
"A0A7W7M777|1of1",0,1
"A0A1C5I9Q0|1of1",0,1
"A0A1Q5JES7|1of1",0,1
"A0AAU4N182|1of1",0,1
"A0AAU1S435|1of1",0,1
"Q7NQA0|1of1",0,1
"A0A105L0Y0|1of1",0,1
"F8WSU4|1of1",0,1
"A0A843S9I4|1of1",0,1
"A0A3G2EDD2|1of1",0,1
"A0A0R0B9V6|1of1|ref",0,1
"A0A6B8HBS4|1of1",0,1
"U5VTA4|1of1",0,1
"A0A7H8HSI2|1of1",0,1
"A0A9X2GTD2|1of1",0,1
"A0A6B1KUU1|1of1",0,1
"S2YS56|1of1",0,1
"A0AAU1BFG7|1of1",0,1
"A0AAU1MXJ1|1of1",0,1
"A0A1H4T8R8|1of1",0,1
"A0A7R8ND26|1of1",0,1
"A0A429UIK5|1of1|ref",0,1
"A0A6B2SRW7|1of1",0,1
"P11220|1of1|ref",0,1
"P36909|1of1|ref",0,1
"A0A6G3TQQ8|1of1",0,1
"A0A8J3S1I0|1of1",0,1
"A0A428XXW0|1of1",0,1
"A0A497ZQZ0|1of1",0,1
"A0A4R4NZN4|1of1",0,1
"A0A499UR72|1of1",0,1
"A0AB33KVJ4|1of1",0,1
"A0A6I7XVS9|1of1",0,1
"A0A1W5XXB1|1of1",0,1
"A0AAJ2PTR0|1of1",0,1
"A0A0N1H9U3|1of1",0,1
"A0A5P2C4B0|1of1",0,1
"A0A7W9WGW0|1of1",0,1
"A0A7U9DNZ8|1of1",0,1
