"tip","has_prom","is_12","n_input_rows","n_known_positive_rows","n_known_negative_rows","n_unknown_rows"
"A0A0Q6ME22|1of2",0,0,2,0,2,0
"A0A0Q6ME22|2of2",0,0,2,0,2,0
"A0A2N9Z3X8|1of1|ref",0,0,2,0,2,0
"A0A2S8KJ83|1of2",1,0,2,2,0,0
"A0A2Z4MIH2|1of1",0,0,2,0,2,0
"A0A329FAB9|1of1",0,0,2,0,2,0
"A0A640MQ11|1of1",0,0,2,0,2,0
"A0A6L6EJJ9|1of1",0,0,2,0,2,0
"A0A7H0YA09|1of1",0,0,2,0,2,0
"A0A7I9ZSW2|1of2",1,0,2,2,0,0
"A0A8I1WI30|1of1",0,0,3,0,3,0
"A0AAD3AVF3|2of2",0,0,2,0,2,0
"A0AAI8BIF5|1of2",0,0,2,0,2,0
"A0AB39RRW4|3of3",1,0,3,3,0,0
"P0DPJ9|1of1|ref",0,0,2,0,2,0
"Q9K3E4|1of1|ref",0,0,2,0,2,0
