"tip","no_pipe_label"
"WP_013557610.1",TRUE
"WP_083438049.1",TRUE
"WP_218229209.1",TRUE
"WP_272939324.1",TRUE
"WP_263036540.1",TRUE
"WP_179399008.1",TRUE
"WP_143867926.1",TRUE
"A0A502BT48|1of1",FALSE
"A0A9E9GXD9|1of1",FALSE
"WP_111410486.1",TRUE
"WP_194569000.1",TRUE
"A0A955LC15|1of1",FALSE
"A0A0G1L6T4|1of1",FALSE
"K2D038|1of1",FALSE
"A0A1Z9NED1|1of1",FALSE
"MDD2586588.1",TRUE
"MGI5912287.1",TRUE
"MDD2373018.1",TRUE
"HBG66719.1",TRUE
"MBQ5492153.1",TRUE
"WP_122015810.1",TRUE
"MFY9312568.1",TRUE
"MDD4569867.1",TRUE
"WP_186566863.1",TRUE
"WP_204886052.1",TRUE
"WP_087334963.1",TRUE
"WP_182543680.1",TRUE
"WP_243788240.1",TRUE
"WP_188987748.1",TRUE
"WP_363815341.1",TRUE
"MEX0616409.1",TRUE
"HEX7456640.1",TRUE
"WP_075364257.1",TRUE
"NMA69000.1",TRUE
"WP_014795773.1",TRUE
"A0A353FZQ3|1of1",FALSE
"HRV94797.1",TRUE
"MBN1995015.1",TRUE
"MBI1880048.1",TRUE
"A0A0G1BA96|1of1",FALSE
"WP_379154136.1",TRUE
"WP_348873838.1",TRUE
"WP_224123087.1",TRUE
"MCX7622719.1",TRUE
"GBD16902.1",TRUE
"MGI6120122.1",TRUE
"WP_014187495.1",TRUE
"WP_014829255.1",TRUE
"HWQ41931.1",TRUE
"A0A5F2KMD5|1of1",FALSE
"A0A3D1FSS6|1of1",FALSE
"A0A259U681|1of1",FALSE
"A0A7X9UVU9|1of1",FALSE
"A0A967Z143|1of1",FALSE
"A0A059WTR9|1of1",FALSE
"WP_006639215.1",TRUE
"WP_268369038.1",TRUE
"WP_371176112.1",TRUE
"WP_284929256.1",TRUE
"WP_126864000.1",TRUE
"WP_340772565.1",TRUE
"WP_100531148.1",TRUE
"WP_236712811.1",TRUE
"MCF0156826.1",TRUE
"MBS5752433.1",TRUE
"MBS6124156.1",TRUE
"WP_321062327.1",TRUE
"WP_125137100.1",TRUE
"WP_212696376.1",TRUE
"MCT4542032.1",TRUE
"WP_127723755.1",TRUE
"MDO5715566.1",TRUE
"WP_216548858.1",TRUE
"WP_349187620.1",TRUE
"A0A291BF08|1of1",FALSE
"WP_030004552.1",TRUE
"A0A9E9GLD5|1of1",FALSE
"WP_010362314.1",TRUE
"WP_192506690.1",TRUE
"WP_211048358.1",TRUE
"WP_039608956.1",TRUE
"MBQ5463208.1",TRUE
"WP_074435136.1",TRUE
"MDD3968290.1",TRUE
"WP_369897372.1",TRUE
"A0A7G7FXP3|1of1",FALSE
"WP_305038994.1",TRUE
"WP_254089138.1",TRUE
"WP_321567288.1",TRUE
"WP_298738746.1",TRUE
"MBJ13210.1",TRUE
"MBH09063.1",TRUE
"MDP6401150.1",TRUE
"MEC7848512.1",TRUE
"MBT7042883.1",TRUE
"MDP6168410.1",TRUE
"WP_435007574.1",TRUE
"MDB6039603.1",TRUE
"WP_406695887.1",TRUE
"WP_436934250.1",TRUE
"WP_124192291.1",TRUE
"WP_124192299.1",TRUE
"WP_090620177.1",TRUE
"WP_049923512.1",TRUE
"WP_411961322.1",TRUE
"WP_395167549.1",TRUE
"TXI99275.1",TRUE
"MBX9596963.1",TRUE
"WP_102950618.1",TRUE
"MDD3267454.1",TRUE
"A0A1E4X7Z0|1of1",FALSE
"A0A2S8Q281|1of1",FALSE
"A0A376E139|1of1|ref",FALSE
"A0A8E1YAV4|1of1|ref",FALSE
"A0A855LX82|1of1|ref",FALSE
"MBM3994241.1",TRUE
"WP_399673817.1",TRUE
"BHD98228.1",TRUE
"A0A9E9GW27|1of1",FALSE
"WP_089841095.1",TRUE
"WP_213807414.1",TRUE
"HEV2273783.1",TRUE
"HUA93475.1",TRUE
"HEY1897407.1",TRUE
"HEX4757947.1",TRUE
"HZL50345.1",TRUE
"HEY7173715.1",TRUE
"WP_123370885.1",TRUE
"WP_184836984.1",TRUE
"WP_281303398.1",TRUE
"WP_082190088.1",TRUE
"WP_223696913.1",TRUE
"WP_343231996.1",TRUE
"WP_319004011.1",TRUE
"MGE8287056.1",TRUE
"WP_308154708.1",TRUE
"WP_307872838.1",TRUE
"WP_015618756.1",TRUE
"GAA3351098.1",TRUE
"WP_360222781.1",TRUE
"A0A0S2NWA5|1of1",FALSE
