Domain	n_GH18	T_GH18	pi_GH18	phi_GH18
G3DSA:1.10.10.1270	1	1	0.0006706908115358819	0.0021991465014662556
G3DSA:1.10.10.60	1	1	0.0006706908115358819	0.0021991465014662556
G3DSA:1.10.101.10	5	1	0.0006706908115358819	0.0011197112818592135
G3DSA:1.10.1330.10	26	6	0.004024144869215292	0.007294126216872276
G3DSA:1.10.150.20	1	1	0.0006706908115358819	0.0021991465014662556
G3DSA:1.10.530.10	8	2	0.0013413816230717639	0.002538743222758279
G3DSA:1.25.40.10	3	1	0.0006706908115358819	0.0014623173340161488
G3DSA:1.25.40.20	1	1	0.0006706908115358819	0.0021991465014662556
G3DSA:2.10.10.20	105	14	0.009389671361502348	0.011868773832337304
G3DSA:2.10.10.90	1	2	0.0013413816230717639	0.0053280678930196276
G3DSA:2.10.270.10	1	1	0.0006706908115358819	0.0021991465014662556
G3DSA:2.100.10.30	2	1	0.0006706908115358819	0.0017342590564226974
G3DSA:2.110.10.10	11	8	0.0053655264922870555	0.015884500080845892
G3DSA:2.120.10.30	1	1	0.0006706908115358819	0.0021991465014662556
G3DSA:2.130.10.10	4	2	0.0013413816230717639	0.0034685181128453948
G3DSA:2.130.10.30	1	2	0.0013413816230717639	0.0053280678930196276
G3DSA:2.30.30.40	593	16	0.010731052984574111	-0.003580718906202621
G3DSA:2.30.60.10	1	1	0.0006706908115358819	0.0021991465014662556
G3DSA:2.60.120.200	1	2	0.0013413816230717639	0.0053280678930196276
G3DSA:2.60.120.260	224	15	0.01006036217303823	0.005788044093896959
G3DSA:2.60.120.290	3	3	0.002012072434607646	0.006597439504398768
G3DSA:2.60.120.380	4	3	0.002012072434607646	0.00601860233648774
G3DSA:2.60.120.430	48	12	0.008048289738430584	0.015232459336549676
G3DSA:2.60.120.560	57	9	0.006036217303822937	0.008650507504152052
G3DSA:2.60.20.10	54	5	0.00335345405767941	0.0030160338683970947
G3DSA:2.60.290.11	2	2	0.0013413816230717639	0.004398293002932511
G3DSA:2.60.40.10	1903	67	0.04493628437290409	-0.003036201577915984
G3DSA:2.60.40.1080	14	8	0.0053655264922870555	0.01459053867606044
G3DSA:2.60.40.1120	53	9	0.006036217303822937	0.009089698777486629
G3DSA:2.60.40.1190	2	1	0.0006706908115358819	0.0017342590564226974
G3DSA:2.60.40.1220	1	2	0.0013413816230717639	0.0053280678930196276
G3DSA:2.60.40.1290	2	2	0.0013413816230717639	0.004398293002932511
G3DSA:2.60.40.2030	1	2	0.0013413816230717639	0.0053280678930196276
G3DSA:2.60.40.2550	85	4	0.0026827632461435278	0.0005971040598679046
G3DSA:2.60.40.2700	2	3	0.002012072434607646	0.007413264671618415
G3DSA:2.60.40.290	7	6	0.004024144869215292	0.012574554341484625
G3DSA:2.60.40.3880	1	2	0.0013413816230717639	0.0053280678930196276
G3DSA:2.60.40.4070	30	6	0.004024144869215292	0.006718267691155281
G3DSA:2.60.40.4270	4	3	0.002012072434607646	0.00601860233648774
G3DSA:2.60.40.60	1	2	0.0013413816230717639	0.0053280678930196276
G3DSA:2.80.10.50	113	16	0.010731052984574111	0.01420929134501546
G3DSA:3.10.40.10	8	2	0.0013413816230717639	0.002538743222758279
G3DSA:3.10.450.50	1	1	0.0006706908115358819	0.0021991465014662556
G3DSA:3.20.20.190	1	1	0.0006706908115358819	0.0021991465014662556
G3DSA:3.30.160.280	1	1	0.0006706908115358819	0.0021991465014662556
G3DSA:3.30.1920.20	3	3	0.002012072434607646	0.006597439504398768
G3DSA:3.30.457.10	2	1	0.0006706908115358819	0.0017342590564226974
G3DSA:3.30.530.20	1	1	0.0006706908115358819	0.0021991465014662556
G3DSA:3.30.565.10	1	2	0.0013413816230717639	0.0053280678930196276
G3DSA:3.40.50.1110	9	5	0.00335345405767941	0.009024616930865422
G3DSA:3.40.50.880	8	1	0.0006706908115358819	0.000804484166335581
G3DSA:3.40.630.40	4	3	0.002012072434607646	0.00601860233648774
G3DSA:3.60.10.10	20	6	0.004024144869215292	0.008349918025594575
G3DSA:3.90.1720.10	1	2	0.0013413816230717639	0.0053280678930196276
G3DSA:3.90.20.10	2	1	0.0006706908115358819	0.0017342590564226974
NF012209	1	1	0.0006706908115358819	0.0021991465014662556
NF033510	2	3	0.002012072434607646	0.007413264671618415
NF033708	64	1	0.0006706908115358819	-0.0005901781687950936
PF00030	3	2	0.0013413816230717639	0.003854409558119414
PF00041	5409	45	0.030181086519114688	-0.045580369871677656
PF00045	1	2	0.0013413816230717639	0.0053280678930196276
PF00059	2	3	0.002012072434607646	0.007413264671618415
PF00082	1	1	0.0006706908115358819	0.0021991465014662556
PF00161	6	3	0.002012072434607646	0.005202777169268094
PF00182	16	7	0.004694835680751174	0.011512905448364882
PF00293	1	1	0.0006706908115358819	0.0021991465014662556
PF00295	17	2	0.0013413816230717639	0.001527647579060921
PF00353	3	4	0.0026827632461435278	0.00956836889641306
PF00388	8	1	0.0006706908115358819	0.000804484166335581
PF00395	704	13	0.008718980549966466	-0.006215774879365619
PF00404	35	5	0.00335345405767941	0.004470212222102194
PF00431	95	8	0.0053655264922870555	0.004316523588278914
PF00496	1	1	0.0006706908115358819	0.0021991465014662556
PF00535	719	2	0.0013413816230717639	-0.003495354451341266
PF00553	3278	22	0.014755197853789403	-0.025452994761706225
PF00578	31	1	0.0006706908115358819	-0.00010399716351372147
PF00652	618	12	0.008048289738430584	-0.00533323439825757
PF00691	1	1	0.0006706908115358819	0.0021991465014662556
PF00696	1	1	0.0006706908115358819	0.0021991465014662556
PF00702	2	1	0.0006706908115358819	0.0017342590564226974
PF00722	7	3	0.002012072434607646	0.004892614835611638
PF00746	8	3	0.002012072434607646	0.0046239400013570655
PF00754	60	10	0.00670690811535882	0.009974298889725905
PF00759	6	4	0.0026827632461435278	0.007708819116238828
PF00801	42	10	0.00670690811535882	0.012366484965773741
PF00871	1	1	0.0006706908115358819	0.0021991465014662556
PF00934	20	2	0.0013413816230717639	0.0013096476736313104
PF00942	2	1	0.0006706908115358819	0.0017342590564226974
PF01270	2	3	0.002012072434607646	0.007413264671618415
PF01364	1	2	0.0013413816230717639	0.0053280678930196276
PF01381	5	1	0.0006706908115358819	0.0011197112818592135
PF01391	2	2	0.0013413816230717639	0.004398293002932511
PF01419	29	1	0.0006706908115358819	-5.9267871428763697e-05
PF01468	1	1	0.0006706908115358819	0.0021991465014662556
PF01471	130	10	0.00670690811535882	0.004788585353619389
PF01476	2887	19	0.012743125419181758	-0.022231742836616927
PF01510	1	1	0.0006706908115358819	0.0021991465014662556
PF01520	4	4	0.0026827632461435278	0.008796586005865022
PF01607	1	1	0.0006706908115358819	0.0021991465014662556
PF01636	1	1	0.0006706908115358819	0.0021991465014662556
PF01757	3	1	0.0006706908115358819	0.0014623173340161488
PF01833	9	5	0.00335345405767941	0.009024616930865422
PF01839	2	2	0.0013413816230717639	0.004398293002932511
PF01841	3	4	0.0026827632461435278	0.00956836889641306
PF02018	2612	11	0.007377598926894702	-0.01616467915696137
PF02065	1	2	0.0013413816230717639	0.0053280678930196276
PF02210	1	2	0.0013413816230717639	0.0053280678930196276
PF02368	20	8	0.0053655264922870555	0.012676789815222174
PF02412	2	2	0.0013413816230717639	0.004398293002932511
PF02838	2	1	0.0006706908115358819	0.0017342590564226974
PF02839	4969	44	0.029510395707578806	-0.04272682780409549
PF02927	4	1	0.0006706908115358819	0.0012693716113791394
PF03009	1	1	0.0006706908115358819	0.0021991465014662556
PF03067	12	5	0.00335345405767941	0.008059888317680374
PF03118	11	1	0.0006706908115358819	0.0005909001749750616
PF03160	67	11	0.007377598926894702	0.010860785350791087
PF03217	3	3	0.002012072434607646	0.006597439504398768
PF03272	1	1	0.0006706908115358819	0.0021991465014662556
PF03372	6	2	0.0013413816230717639	0.0029246346680322976
PF03422	137	14	0.009389671361502348	0.00937092805139269
PF03995	7	5	0.00335345405767941	0.009867388320137407
PF04122	85	5	0.00335345405767941	0.0014946817224345114
PF04151	1	2	0.0013413816230717639	0.0053280678930196276
PF04397	20	2	0.0013413816230717639	0.0013096476736313104
PF04886	1	2	0.0013413816230717639	0.0053280678930196276
PF05048	1	1	0.0006706908115358819	0.0021991465014662556
PF05257	1	1	0.0006706908115358819	0.0021991465014662556
PF05270	1	1	0.0006706908115358819	0.0021991465014662556
PF05345	10	10	0.00670690811535882	0.021991465014662558
PF05630	1	1	0.0006706908115358819	0.0021991465014662556
PF06057	3	1	0.0006706908115358819	0.0014623173340161488
PF06229	1	1	0.0006706908115358819	0.0021991465014662556
PF06283	83	1	0.0006706908115358819	-0.0007645292918245543
PF06347	36	3	0.002012072434607646	0.0015976273317870973
PF06452	5	1	0.0006706908115358819	0.0011197112818592135
PF06458	4	4	0.0026827632461435278	0.008796586005865022
PF07081	1	1	0.0006706908115358819	0.0021991465014662556
PF07335	1	1	0.0006706908115358819	0.0021991465014662556
PF07486	1	1	0.0006706908115358819	0.0021991465014662556
PF07554	1	1	0.0006706908115358819	0.0021991465014662556
PF07589	2	2	0.0013413816230717639	0.004398293002932511
PF07653	1	2	0.0013413816230717639	0.0053280678930196276
PF07691	8	2	0.0013413816230717639	0.002538743222758279
PF07702	1	1	0.0006706908115358819	0.0021991465014662556
PF07705	6	6	0.004024144869215292	0.013194879008797535
PF07833	1226	14	0.009389671361502348	-0.011206829607462072
PF08126	1	1	0.0006706908115358819	0.0021991465014662556
PF08239	887	14	0.009389671361502348	-0.00816770158693083
PF08291	1	1	0.0006706908115358819	0.0021991465014662556
PF08305	1	2	0.0013413816230717639	0.0053280678930196276
PF08308	1	2	0.0013413816230717639	0.0053280678930196276
PF08310	1	1	0.0006706908115358819	0.0021991465014662556
PF08329	898	8	0.0053655264922870555	-0.007736021960757484
PF08522	122	4	0.0026827632461435278	-0.0003723655262969245
PF08547	1	1	0.0006706908115358819	0.0021991465014662556
PF08787	1	1	0.0006706908115358819	0.0021991465014662556
PF08881	1	1	0.0006706908115358819	0.0021991465014662556
PF09343	1	1	0.0006706908115358819	0.0021991465014662556
PF09373	5	3	0.002012072434607646	0.005569621347927962
PF09479	25	6	0.004024144869215292	0.007451956048475018
PF09835	6	1	0.0006706908115358819	0.0009974298889725904
PF10102	1	1	0.0006706908115358819	0.0021991465014662556
PF10462	1	1	0.0006706908115358819	0.0021991465014662556
PF10503	2	1	0.0006706908115358819	0.0017342590564226974
PF10589	1	2	0.0013413816230717639	0.0053280678930196276
PF10901	1	2	0.0013413816230717639	0.0053280678930196276
PF11175	1	1	0.0006706908115358819	0.0021991465014662556
PF11614	1	2	0.0013413816230717639	0.0053280678930196276
PF11617	2	1	0.0006706908115358819	0.0017342590564226974
PF11721	30	2	0.0013413816230717639	0.0007657642288182125
PF12151	1	1	0.0006706908115358819	0.0021991465014662556
PF12245	3	4	0.0026827632461435278	0.00956836889641306
PF12671	6	1	0.0006706908115358819	0.0009974298889725904
PF12708	1	1	0.0006706908115358819	0.0021991465014662556
PF12733	1	2	0.0013413816230717639	0.0053280678930196276
PF12799	17	1	0.0006706908115358819	0.00029893634448690225
PF13004	11	3	0.002012072434607646	0.003983188027275507
PF13149	1	1	0.0006706908115358819	0.0021991465014662556
PF13205	8	3	0.002012072434607646	0.0046239400013570655
PF13229	2	1	0.0006706908115358819	0.0017342590564226974
PF13290	26	4	0.0026827632461435278	0.003774983921621988
PF13350	2	2	0.0013413816230717639	0.004398293002932511
PF13385	196	14	0.009389671361502348	0.006008169991276327
PF13419	9	2	0.0013413816230717639	0.0023807512232191996
PF13472	16	7	0.004694835680751174	0.011512905448364882
PF13517	15	4	0.0026827632461435278	0.005250628017984891
PF13585	2	2	0.0013413816230717639	0.004398293002932511
PF13620	37	8	0.0053655264922870555	0.009375994971008982
PF13632	1	1	0.0006706908115358819	0.0021991465014662556
PF13641	622	3	0.002012072434607646	-0.004135614427333767
PF13746	1	1	0.0006706908115358819	0.0021991465014662556
PF13860	52	11	0.007377598926894702	0.012730629689426181
PF13895	1	2	0.0013413816230717639	0.0053280678930196276
PF13927	2	2	0.0013413816230717639	0.004398293002932511
PF14200	67	10	0.00670690811535882	0.009234204609585963
PF14252	2	1	0.0006706908115358819	0.0017342590564226974
PF14600	399	8	0.0053655264922870555	-0.00338346045083214
PF14691	1	2	0.0013413816230717639	0.0053280678930196276
PF14873	12	3	0.002012072434607646	0.003808114834137419
PF16158	16	3	0.002012072434607646	0.0032292776662263905
PF16184	1	1	0.0006706908115358819	0.0021991465014662556
PF16341	5	1	0.0006706908115358819	0.0011197112818592135
PF16403	169	13	0.008718980549966466	0.006225160959705204
PF16586	3	2	0.0013413816230717639	0.003854409558119414
PF16820	9	2	0.0013413816230717639	0.0023807512232191996
PF16990	19	3	0.002012072434607646	0.002883502501384018
PF17165	1	1	0.0006706908115358819	0.0021991465014662556
PF17210	1	2	0.0013413816230717639	0.0053280678930196276
PF17389	6	1	0.0006706908115358819	0.0009974298889725904
PF17652	1	2	0.0013413816230717639	0.0053280678930196276
PF17801	43	1	0.0006706908115358819	-0.0003234558564771126
PF17803	1	1	0.0006706908115358819	0.0021991465014662556
PF17829	1	1	0.0006706908115358819	0.0021991465014662556
PF17882	1	1	0.0006706908115358819	0.0021991465014662556
PF17936	11	6	0.004024144869215292	0.010755700724812363
PF17957	1238	31	0.02079141515761234	-0.008489921037739394
PF17963	282	12	0.008048289738430584	0.0009813039238315837
PF18204	2	1	0.0006706908115358819	0.0017342590564226974
PF18259	1	1	0.0006706908115358819	0.0021991465014662556
PF18348	44	2	0.0013413816230717639	0.00025202545986300685
PF18370	4	2	0.0013413816230717639	0.0034685181128453948
PF18416	2	1	0.0006706908115358819	0.0017342590564226974
PF18683	1	1	0.0006706908115358819	0.0021991465014662556
PF18884	6	6	0.004024144869215292	0.013194879008797535
PF18911	442	17	0.011401743796109993	0.00023750853541246856
PF18962	635	26	0.017437961099932932	0.0014543080437219476
PF18986	1	1	0.0006706908115358819	0.0021991465014662556
PF18998	6	3	0.002012072434607646	0.005202777169268094
PF19077	4	5	0.00335345405767941	0.011744034154930909
PF19081	7	5	0.00335345405767941	0.009867388320137407
PF19127	1	1	0.0006706908115358819	0.0021991465014662556
PF19408	9	8	0.0053655264922870555	0.01696120401357373
PF20200	9	2	0.0013413816230717639	0.0023807512232191996
PF20578	31	5	0.00335345405767941	0.004877190280466605
PF20622	34	1	0.0006706908115358819	-0.00016595110055665595
PF20746	1	2	0.0013413816230717639	0.0053280678930196276
PF21027	1	2	0.0013413816230717639	0.0053280678930196276
PF21526	11	4	0.0026827632461435278	0.006082700260248712
PF21868	26	3	0.002012072434607646	0.0022524007733054634
PF22322	18	3	0.002012072434607646	0.0029922896669177723
PF22352	661	15	0.01006036217303823	-0.0050983521636145755
PF22544	1	1	0.0006706908115358819	0.0021991465014662556
PF22633	18	6	0.004024144869215292	0.008773904004096894
PF22704	2	1	0.0006706908115358819	0.0017342590564226974
PF22888	3	2	0.0013413816230717639	0.003854409558119414
PF22904	16	7	0.004694835680751174	0.011512905448364882
PF23473	1	2	0.0013413816230717639	0.0053280678930196276
PF23952	1	2	0.0013413816230717639	0.0053280678930196276
PF24346	1	1	0.0006706908115358819	0.0021991465014662556
PF24489	1	2	0.0013413816230717639	0.0053280678930196276
PF24517	3	4	0.0026827632461435278	0.00956836889641306
PF25275	18	7	0.004694835680751174	0.010959933449978105
PF25490	3	2	0.0013413816230717639	0.003854409558119414
PF25528	27	3	0.002012072434607646	0.0021764644996981252
PF26178	7	4	0.0026827632461435278	0.00729526933803022
PF26607	10	2	0.0013413816230717639	0.002239422563718427
PIRSR000382-1	1	1	0.0006706908115358819	0.0021991465014662556
PIRSR001084-2	1	1	0.0006706908115358819	0.0021991465014662556
PIRSR001400-3	2	1	0.0006706908115358819	0.0017342590564226974
PIRSR001461-3	1	1	0.0006706908115358819	0.0021991465014662556
PIRSR004762-2	2	1	0.0006706908115358819	0.0017342590564226974
PIRSR006278-1	1	1	0.0006706908115358819	0.0021991465014662556
PIRSR011396-1	1	1	0.0006706908115358819	0.0021991465014662556
PIRSR018168-1	1	2	0.0013413816230717639	0.0053280678930196276
PIRSR036917-2	2	1	0.0006706908115358819	0.0017342590564226974
PIRSR037215-2	4	1	0.0006706908115358819	0.0012693716113791394
PIRSR037479-3	1	1	0.0006706908115358819	0.0021991465014662556
PIRSR037479-4	7	3	0.002012072434607646	0.004892614835611638
PIRSR600514-1	6	1	0.0006706908115358819	0.0009974298889725904
PIRSR600895-50	4	1	0.0006706908115358819	0.0012693716113791394
PIRSR601088-3	1	1	0.0006706908115358819	0.0021991465014662556
PIRSR610972-3	1	2	0.0013413816230717639	0.0053280678930196276
PIRSR617512-2	1	1	0.0006706908115358819	0.0021991465014662556
PIRSR617736-2	1	2	0.0013413816230717639	0.0053280678930196276
PIRSR622314-3	2	2	0.0013413816230717639	0.004398293002932511
PIRSR625705-1	1	1	0.0006706908115358819	0.0021991465014662556
PR00014	35	3	0.002012072434607646	0.0016543091767905105
PR00313	1	2	0.0013413816230717639	0.0053280678930196276
PR01217	8	4	0.0026827632461435278	0.0069370362256907896
PR01228	7	2	0.0013413816230717639	0.002717859778927994
PR01409	2	1	0.0006706908115358819	0.0017342590564226974
PR01488	1	1	0.0006706908115358819	0.0021991465014662556
PS50007	1	1	0.0006706908115358819	0.0021991465014662556
PS50095	2	1	0.0006706908115358819	0.0017342590564226974
PS50096	1	1	0.0006706908115358819	0.0021991465014662556
PS50141	1	1	0.0006706908115358819	0.0021991465014662556
PS50801	1	1	0.0006706908115358819	0.0021991465014662556
PS50835	11	6	0.004024144869215292	0.010755700724812363
PS50836	1	1	0.0006706908115358819	0.0021991465014662556
PS50853	5	4	0.0026827632461435278	0.008197944687785319
PS50889	1	2	0.0013413816230717639	0.0053280678930196276
PS50927	1	1	0.0006706908115358819	0.0021991465014662556
PS51257	2805	50	0.0335345405767941	-0.02509082424018991
PS51272	63	3	0.002012072434607646	0.00047163983091099505
PS51318	1709	13	0.008718980549966466	-0.013948510795159132
PS51781	1	2	0.0013413816230717639	0.0053280678930196276
PS51782	5	2	0.0013413816230717639	0.0031691974538055434
PS51820	1	1	0.0006706908115358819	0.0021991465014662556
PTHR31451	1	2	0.0013413816230717639	0.0053280678930196276
PTHR34142	2	1	0.0006706908115358819	0.0017342590564226974
PTHR35923	14	3	0.002012072434607646	0.0034979525004809634
SM00060	24	6	0.004024144869215292	0.007616229668274838
SM00089	11	5	0.00335345405767941	0.00835167697291052
SM00108	1	1	0.0006706908115358819	0.0021991465014662556
SM00191	1	2	0.0013413816230717639	0.0053280678930196276
SM00257	5	2	0.0013413816230717639	0.0031691974538055434
SM00287	3	3	0.002012072434607646	0.006597439504398768
SM00495	1948	29	0.019450033534540577	-0.0180561511706001
SSF103647	1	2	0.0013413816230717639	0.0053280678930196276
SSF110296	8	3	0.002012072434607646	0.0046239400013570655
SSF117074	3	3	0.002012072434607646	0.006597439504398768
SSF141072	1	2	0.0013413816230717639	0.0053280678930196276
SSF142984	1	2	0.0013413816230717639	0.0053280678930196276
SSF47090	2	2	0.0013413816230717639	0.004398293002932511
SSF48726	21	5	0.00335345405767941	0.0061832424828868705
SSF49265	15	5	0.00335345405767941	0.007311586670080744
SSF49299	7	3	0.002012072434607646	0.004892614835611638
SSF49313	1	2	0.0013413816230717639	0.0053280678930196276
SSF49373	1	1	0.0006706908115358819	0.0021991465014662556
SSF49384	110	13	0.008718980549966466	0.009969251193574113
SSF49452	3	2	0.0013413816230717639	0.003854409558119414
SSF49464	24	6	0.004024144869215292	0.007616229668274838
SSF49478	37	7	0.004694835680751174	0.007577087653038857
SSF49785	14	7	0.004694835680751174	0.012139813394958884
SSF49899	53	18	0.012072434607645875	0.026547371565757306
SSF50370	1	1	0.0006706908115358819	0.0021991465014662556
SSF50939	1	1	0.0006706908115358819	0.0021991465014662556
SSF50969	1	1	0.0006706908115358819	0.0021991465014662556
SSF51055	6	2	0.0013413816230717639	0.0029246346680322976
SSF51126	1	1	0.0006706908115358819	0.0021991465014662556
SSF53448	1	1	0.0006706908115358819	0.0021991465014662556
SSF54106	1	2	0.0013413816230717639	0.0053280678930196276
SSF54593	1	1	0.0006706908115358819	0.0021991465014662556
SSF55383	63	6	0.004024144869215292	0.0037326043320833396
SSF55486	1	1	0.0006706908115358819	0.0021991465014662556
SSF56371	3	3	0.002012072434607646	0.006597439504398768
SSF56436	1	2	0.0013413816230717639	0.0053280678930196276
SSF57615	1	2	0.0013413816230717639	0.0053280678930196276
SSF63446	5	2	0.0013413816230717639	0.0031691974538055434
SSF63825	2	1	0.0006706908115358819	0.0017342590564226974
SSF63829	2	2	0.0013413816230717639	0.004398293002932511
SSF69318	5	2	0.0013413816230717639	0.0031691974538055434
SSF75011	1	2	0.0013413816230717639	0.0053280678930196276
SSF81296	4	3	0.002012072434607646	0.00601860233648774
SSF89372	9	4	0.0026827632461435278	0.006621052226612632
TIGR01167	15	4	0.0026827632461435278	0.005250628017984891
TIGR03382	1	1	0.0006706908115358819	0.0021991465014662556
TIGR03437	1	1	0.0006706908115358819	0.0021991465014662556
TIGR03901	5	2	0.0013413816230717639	0.0031691974538055434
TIGR04174	1	1	0.0006706908115358819	0.0021991465014662556
TIGR04183	150	18	0.012072434607645875	0.013987894134641
TIGR04213	6	2	0.0013413816230717639	0.0029246346680322976
cd00063	10	6	0.004024144869215292	0.011139242695855924
cd00118	1	2	0.0013413816230717639	0.0053280678930196276
cd00146	3	2	0.0013413816230717639	0.003854409558119414
cd00598	107	15	0.01006036217303823	0.013220812880548204
cd02795	32	2	0.0013413816230717639	0.0006791934425840458
cd06464	1	1	0.0006706908115358819	0.0021991465014662556
cd06542	462	5	0.00335345405767941	-0.004182426374786892
cd06545	61	3	0.002012072434607646	0.0005365510224969536
cd11304	1	1	0.0006706908115358819	0.0021991465014662556
cd11576	1	1	0.0006706908115358819	0.0021991465014662556
cd12214	6	2	0.0013413816230717639	0.0029246346680322976
cd12215	6	3	0.002012072434607646	0.005202777169268094
cd19941	3	2	0.0013413816230717639	0.003854409558119414
cd20174	202	6	0.004024144869215292	-0.0009560595351588017
cd20742	1	1	0.0006706908115358819	0.0021991465014662556
