"tip_label","clade","cat_div"
"A0A4R5C255|1of1","clade1",1.99211905182344
"A0A6I1YR46|1of1","clade1",2.09895705020938
"P14529|1of1|ref","clade1",1.93938772528125
"A0A5M7C9P2|1of1|ref","clade1",1.896902601525
"A0A9X2SHV4|1of1","clade1",1.970943499
"A0A0A0ND72|1of1","clade1",2.21957238723906
"A0AAU2HI16|1of1","clade1",2.13889890151563
"A0AB39RRW4|3of3","clade1",2.08541541770312
"A0A4D4K4Y5|1of1","clade1",2.25133292058438
"A0A2T7TDA3|1of1","clade1",2.04768459529844
"A0A0X3SH51|1of1","clade1",2.07311369411719
"A0AAU1IFZ0|1of1","clade1",2.1308659991625
"A0A9W6UL76|1of1","clade1",1.91984792914844
"A0A2S4YTB5|1of1","clade1",1.93807554062813
"A0A7K3A0U4|1of1","clade1",1.94329723787813
"A0A238ZIG1|1of1","clade1",1.94156982087188
"A0A429B0K2|1of1","clade1",1.96725781274219
"A0A931A9D2|1of1","clade1",2.25960638595313
"A0A4R2H091|1of1","clade1",2.18819810706094
"A0A427TN29|1of1","clade1",2.20072294628906
"A0A919JUX7|1of1","clade1",2.27897808559063
"A0A7J5C9E4|1of1","clade1",2.15793063145156
"A0A7H1Q9Z1|1of1","clade1",2.03086497795781
"A0A0Q6ME22|1of2","clade1",2.18224620940938
"A0AAU5NS77|1of1","clade1",1.96405560376719
"A0AAU1PH99|1of1","clade1",2.01031294594063
"A0A939JKX3|1of1","clade1",1.819181989775
"A0AAU1C998|1of1","clade1",1.84849958049219
"A0A2A3JA86|1of1","clade1",2.14706604885625
"A0AAU6FEE3|1of1","clade1",1.96307450863281
"A0A0M8VN40|1of1","clade1",2.00255806187031
"A0AAU5SXM3|1of1","clade1",2.03399673639063
"A0A1Q4W0W6|1of1","clade1",1.91399755623438
"A0A9W6Q0W8|1of1","clade1",1.95788338458438
"A0A2P2GPQ0|1of1","clade1",1.95988120345156
"A0A6N9V4J3|1of1","clade1",2.03529580879688
"A0A6B2VIQ1|1of1","clade1",2.01868401263438
"A0A3G2J6H9|1of1","clade1",2.01170814479531
"A0A5J4K6W7|1of1","clade1",1.64346002970625
"A0A257Z424|1of1","clade1",2.10566785115937
"A0A258J1N2|1of1","clade1",1.96636101173281
"A0A3S4LGA4|1of1","clade1",1.9460722559625
"A0A2S8KJ83|1of2","clade1",2.07845849287031
"A0A7I9ZSW2|1of2","clade1",2.02359206849531
"A0AAN1I9F3|1of1","clade1",2.51785751249687
"A0A0G1FEY9|1of1","clade1",2.55258654065938
"A0A545BI60|1of1","clade1",2.37056125067656
"A0A9X6LEV6|1of1","clade1",2.12260662793438
"A0A6G4CMV1|1of1","clade1",2.26654108301563
"R8WJR9|1of1","clade1",2.38490343942812
"A0A482PJ69|1of1","clade1",2.44918246522188
"A0A0H2VD17|1of1","clade1",2.60543681386563
"A0A1Q5F0T4|1of1","clade1",1.88622387216875
"A0A2H5AW99|1of1","clade1",1.94428303414063
"A0A919SL20|1of1","clade1",2.20858260921719
"A0A8J3U4J9|1of1","clade1",2.07850450591563
"A0AAU2E8R9|1of1","clade1",1.71168952431094
"A0A429HYE5|1of1","clade1",1.83269373325313
"A0AAU1MG97|1of1","clade1",1.81657446161094
"A0A1H0IXH9|1of1","clade1",1.84682709643125
"A0A286FSV0|1of1","clade1",1.8636407140125
"F2R3N3|1of1|ref","clade1",1.85957676657969
"A0A6G2V7T8|1of1","clade1",1.95085570796406
"A0A944ECL2|1of1","clade1",1.87488731211719
"A0A431LS51|1of1","clade2",3.84266761833426
"A0A0Q6MD47|1of1","clade2",3.86244450640463
"A0A0Q6ME22|2of2","clade1",4.95502437286562
"A0A951UV01|1of1","clade2",3.78690069324537
"D3EK74|1of1","clade2",4.16602109165185
"A0A015SSG1|1of1","clade2",4.00408590974352
"A0A7T7V0P2|1of1","clade2",4.23242239182315
"A0A1E5GA92|1of1","clade2",4.07702703596852
"A0A7T7HBU7|1of1","clade2",3.88442663150463
"A0A5B2VS66|1of1","clade2",3.8982613750287
"A0A2P8FRZ5|1of1","clade2",3.82934034450926
"A0A7W6K8L9|1of1","clade2",3.44120996420741
"A0A6A1XPQ2|1of1","clade2",4.31837777988611
"A0A5B3GKF8|1of1","clade2",4.61771670929815
"P36911|1of1|ref","clade2",4.16495621136944
"A0A7Z7LVK9|1of1","clade2",4.17312517233982
"A0A415Q0R8|1of1","clade2",4.47591577508704
"A0A3A5WLZ6|1of1","clade2",4.27945184531944
"A0A412XU72|1of1","clade2",4.17501865870926
"A0A7V1SRB6|1of1","clade2",3.574818617825
"A0A5D8ZNC1|1of1","clade2",3.67733859696481
"A0A420CKH5|1of1|ref","clade2",3.76273892970833
"A0A411DRE2|1of1","clade2",3.74719860419537
"A0A4R8CWR7|1of1","clade2",3.70648721552407
"P04067|1of1|ref","clade2",3.67921091011389
"A0A5J6GA47|1of1","clade2",3.61642013429444
"A0A7G2D6V4|1of1","clade2",3.96055535471944
"A0A640MQ11|1of1","clade2",3.9210632079037
"P80036|1of1|ref","clade2",3.66711982171296
"A0A502BT48|1of1","clade2",3.71918431813426
"A0AAD3AVF3|2of2","clade2",3.71261095532685
"A0A3S3QTC6|1of1","clade2",3.45101031065278
"A0AAI8BIF5|1of2","clade2",4.23767315247685
"A0AAP3HD61|1of1","clade2",3.52223608076389
"A0A167F4N4|1of1","clade2",3.33414846116944
"A0A150P7L5|1of1","clade2",3.58032003459722
"A0AA90R2P8|1of1","clade2",3.36884503545833
"A0A0M4KCA6|1of1","clade2",3.11809673927407
"A0A0V8CKA6|1of1","clade2",2.73294620713889
"A0A2T3ILP5|1of1","clade2",3.052423419675
"A0A454CRX6|1of1","clade2",3.03106401418241
"A0A837NXJ2|1of1|ref","clade2",3.02402961683241
"A0A2N7CJR6|1of1","clade2",3.02016339029074
"Q838S2|1of1|ref","clade2",3.01043276220463
"A0AAQ3WAX7|1of1","clade2",2.9916588694463
"A0A099WEB1|1of1","clade2",2.9415638646537
"A0A3T2I268|1of1","clade2",3.00996020858611
"A0A829A2C1|1of1","clade2",3.19500265647037
"A0AAJ2NDQ8|1of1","clade2",3.07892368824537
"Q9WXD3|1of1|ref","clade2",3.13935243791574
"A0A3G7UCR3|1of1","clade2",3.10677087742963
"J2PM95|1of1","clade2",3.20234565411481
"A0A8H9Z8V5|1of1","clade2",3.20511160411481
"S4APZ7|1of1","clade2",2.83995055159815
"A0A2A3HW91|1of1","clade2",2.9453933180537
"A0A150VND8|1of1","clade2",2.91530172727407
"A0A1T3VL21|1of1","clade2",2.41983437385741
"A0A381ETT0|1of1","clade2",2.53617176984722
"A0A1I0ZRS5|1of1","clade2",2.69430397516944
"A0A3N7K052|1of1","clade2",2.4740980892037
"A0A7H8PZD8|1of1","clade2",2.54259882504074
"A0AA46UHT3|1of1","clade2",2.73400814229537
"A0A8I2HE34|1of1","clade2",2.89646259708796
"A0A0Q0Q217|1of1","clade2",2.7418427303713
"A0A413RBI4|3of3","clade2",2.65509114884537
"A0A953R518|1of1","clade2",2.81031841366852
"A0A9E9GXD9|1of1","clade2",2.36904401114074
"A0A848LQP1|1of1","clade2",2.34521981943796
"P27050|1of1|ref","clade2",2.36910456064907
"A0A329QZH3|1of1","clade2",2.35160304333148
"A0A8J6I2A2|1of1","clade2",2.28862661985741
"A7GCA5|1of1","clade2",2.64659291733611
"A0A329FAB9|1of1","clade2",2.602279002275
"A0A1G7R0D1|2of2|ref","clade2",2.72712101374722
"A0A3C1WNL0|1of1","clade2",2.92723134146852
"A0A7X3IFY2|1of1","clade2",2.3159583862787
"A0A2P8IBY0|1of1","clade2",2.55188923769722
"A0A973LUT2|1of1","clade2",2.5042787886213
"A0A8J3WJ19|1of1","clade2",2.49236746074259
"A0A1H3RUQ4|1of1","clade2",2.59081301841574
"A0A850J7G8|1of1","clade2",2.64838264424074
"A0AAU5UMC3|1of1","clade2",2.60862616056296
"A0A2L0N712|1of1","clade2",2.6319582593713
"A0A4Y3RTZ4|1of1","clade2",2.6221751204463
"Q05638|1of1|ref","clade2",2.622142541275
"A0AAU8J0G0|1of1","clade2",2.57691222144444
"A0A1H3P9Y6|1of1","clade2",2.44112190521111
"A0A7X3CN77|1of1","clade2",2.45365270523241
"A0A1H7GZL9|1of1","clade2",2.4494042844
"A0A0A6UB86|1of1","clade2",2.30759017425185
"A0A6I5W9U3|1of1","clade2",2.4035395200463
"A0A6F8YM13|1of1","clade2",2.44442471593796
"A0A6L9QHM7|1of1","clade2",2.61059927392407
"A0A5S4G042|1of1","clade2",2.53907637057315
"A0A1Q4WYD5|1of1","clade2",2.68952428364907
"A0A164RM01|1of1","clade2",2.69264612902407
"A0A2P8IDT9|1of1","clade2",2.35543387942315
"A0A0H3CZ70|1of1","clade2",2.55126820515833
"A0A563EGS5|1of1","clade2",2.4102054599713
"A0A4V6N3Q8|1of1","clade2",2.44553176446574
"A0A939IB76|1of1","clade2",2.48627608555556
"A0A3N4RPU1|1of1","clade2",2.58943858930648
"A0A505D7J4|1of1|ref","clade2",2.37682177458056
"A0AAU4S882|1of1","clade2",2.35361630770278
"A0A327V961|1of1","clade2",2.39265036532037
"A0A2T7LZR1|1of1","clade2",2.45799621960185
"A0A5P2DQ14|1of1","clade2",2.46903838687407
"A0A3R9XTW6|1of1","clade2",2.51210699807778
"A0A6G7T7A4|1of1","clade2",2.68312572031759
"A0A087K7V2|1of1","clade2",2.68995309557222
"A0A966KUM6|1of1","clade4",3.3756344834
"A0A1F7JRD4|1of1","clade4",2.7755393136
"A0A955LC15|1of1","clade4",3.50852130863704
"A0A2P8G0T5|1of1","clade4",3.15482699816296
"A0A1G1VQY3|1of1","clade4",2.50100551627407
"A0A9E6K225|1of1","clade4",2.7559426501037
"A0A0G1KPH3|1of1","clade4",2.74703096684444
"A0A0G1L6T4|1of1","clade4",2.70388428731852
"A0A8T3QE26|1of1","clade4",3.3254138110963
"A0A0G0VMH8|1of1","clade4",2.63194949888889
"K2D038|1of1","clade4",2.33240219166667
"A0A536LFQ0|1of1","clade4",2.46484424937778
"A0A536GMW5|1of1","clade4",2.13716397321481
"A0A536E7L0|1of1","clade4",2.19620802937037
"A0A535MLJ7|1of1","clade4",2.22593192202963
"A0A1F8RW44|1of1","clade4",2.19684099174074
"A0A7V1EHM8|1of1","clade4",2.38543463316296
"A0A836W572|1of1","clade4",2.32306208617778
"A0A7V4U1X6|1of1","clade4",2.37721045471852
"A0A497ZJ07|1of1","clade4",2.75888915668889
"A0A973IP91|1of1","clade4",2.15491657333333
"A0A3M1JRT8|1of1","clade4",1.83732895728889
"A0A2E4AII5|1of1","clade4",2.0873907230963
"A0A7C7CYW5|1of1","clade4",1.93951694136296
"A0A2E8GXT4|1of1","clade4",1.84189022180741
"A0A946EXM6|1of1","clade4",1.89928165919259
"A0A1Z9NED1|1of1","clade4",2.06218479321481
"A0A7Z9UHT8|1of1","clade4",2.0367200296963
"A0A3B8HUQ9|1of1","clade5",3.36096593918551
"A0A356UCN0|1of1","clade5",3.51291797275654
"M6VG29|1of1","clade5",4.53526681494626
"M6KKZ7|1of1","clade5",4.43265582617757
"A0A939UAG0|1of1","clade5",4.02006338585093
"A0A3C1SGT6|1of1","clade5",3.91351268299252
"A0A7V6TAJ9|1of1","clade5",3.30279387845421
"A0AAC9RN13|1of1","clade5",4.08186653063738
"A0A1I0DNM9|1of1","clade5",3.96687538307991
"A0A972HU04|1of1","clade5",4.04404313514907
"A0A1Y4UJP4|1of1","clade5",4.56970048994393
"E0IA81|1of1","clade5",4.19999358474626
"A0A3A6PGU0|1of1","clade5",4.15993796171449
"D7CMI6|1of1","clade5",4.10240641719813
"D3E5B5|1of1","clade5",4.0500652455514
"A0A7Z7CEU3|1of1|ref","clade5",4.03384548526075
"A0A7H0YA09|1of1","clade5",3.97547957873037
"A0A132UC03|1of1","clade5",4.32405853781776
"A0A7X3IFJ0|1of1","clade5",4.10192888244953
"A0A6H1RH49|1of1","clade5",3.39211821798551
"A0A1G1WAZ5|1of1","clade5",3.21040155778551
"B8FYW8|1of1","clade5",3.26535310639439
"A0A1C6PNM4|1of1","clade5",3.53818363752336
"A0A2S6PHS4|1of1","clade5",3.4713290823743
"A0A7Y1ZW31|1of1","clade5",3.60655826704673
"A0A353FZQ3|1of1","clade5",3.91579982099019
"A0A7D6IGA3|1of1","clade5",3.8528135097743
"A0A6L6EJJ9|1of1","clade5",3.80738485185841
"B8G8N7|1of1","clade5",3.32423630984065
"E1IBD4|1of1","clade5",3.40800385227243
"A0A7Y2SLE4|1of1","clade5",3.35291610170935
"A0A4Z1AH30|1of1|ref","clade5",4.03304886196869
"A0A0M4N8B0|1of1","clade5",4.05301716516636
"A0A5F2DN28|1of1","clade5",3.98402174166262
"A0A0E2B0A1|1of1","clade5",4.01227961737944
"A0A956UHL3|1of1","clade5",4.18460921340981
"A0A969H998|1of1","clade5",3.86148153456589
"A0A955GY46|1of1","clade5",3.63462713400093
"A0A0G1BA96|1of1","clade5",3.72990816653318
"A0A1G2S8K3|1of1","clade5",3.7326730201
"A0A1F6E986|1of1","clade5",3.83176990764206
"A0A1F6ECB0|1of1","clade5",3.71324856317897
"A0AA92NY69|1of1","clade5",3.90653706698598
"A0A2P7VDD4|1of1","clade5",3.87192869938505
"A0A934I0Z4|1of1","clade5",3.99197935043925
"A0A0P7JLN6|1of1","clade5",4.49843456382664
"A0AAJ5RH84|1of1","clade5",4.34686114233411
"A0A2W1TFE8|1of1","clade5",4.18427106212056
"A0A6N0Y908|1of1","clade5",4.14174034033738
"A0AAF0LW34|1of1","clade5",4.19383728384813
"A0A0Q7BL86|1of1","clade5",3.78728179817009
"A0A7C3AS45|1of1","clade5",3.05451529474953
"T0I4V4|1of1","clade5",3.5230759749215
"G2FQW6|1of1","clade5",3.51407401424766
"A0AA46P9P4|1of1","clade5",3.16107383010607
"A0AAJ1VCI2|1of1","clade5",3.63441465776262
"A0AB94IQA0|1of1","clade5",3.46408838844626
"A0AA90QSU5|1of1","clade5",3.41614074015
"A0A1S2RE47|1of1","clade5",3.38874616896028
"A0A2C2V0L8|1of1","clade5",3.34012134780467
"A0A4S4BX19|1of1","clade5",2.99556673901542
"Q5KY74|1of1","clade5",3.12130366512664
"O05495|1of1|ref","clade5",3.03703069940748
"A0A5F2KMD5|1of1","clade5",3.01568775691542
"A0A1G9XB17|1of1","clade5",2.90688634184439
"A0A419SXU1|1of1","clade5",2.74334289363131
"A0A168PHJ0|1of1","clade5",2.92341859400234
"A5N6W5|1of1","clade5",2.90931268821215
"A0AB39BSU9|1of1","clade5",3.03531338193972
"A0A1M5Y7X7|1of1","clade5",3.1205915937972
"A0A355RYJ8|1of1","clade5",3.01882155480748
"A0A544TGH6|1of1","clade5",3.26631090680374
"P0DPJ9|1of1|ref","clade5",3.28660907192243
"Q9K3E4|1of1|ref","clade5",3.29027089325701
"A0A8I1GMI5|1of1","clade5",3.28348012221121
"A0A285S162|1of1","clade5",3.22081754705654
"A0A2S0K6G8|1of1","clade5",3.3256190036014
"A0A0W7YN08|1of1","clade5",3.40560386492056
"A0A927RCC4|1of1","clade5",3.39088614753972
"A0A1I1A411|1of1","clade5",3.22347573008178
"A0A024Q678|1of1","clade5",3.23355487545047
"A0A2Z4MIH2|1of1","clade5",3.24630240376262
"A0A0Q9T043|1of1","clade5",3.12929150012804
"A0A4V3WDZ9|1of1","clade5",3.10281668905467
"A0A5C8MSM7|1of1","clade5",3.16910612510935
"A0A553LCQ5|1of1","clade5",3.24536392984673
"A0AA96MVE4|1of1","clade5",3.20259949947757
"P37531|1of1|ref","clade5",3.34336680697757
"A0A8I1WI30|1of1","clade5",3.34346907454813
"A0A418T651|1of1|ref","clade5",2.97724197409393
"A0A285CMY7|1of1","clade5",2.94278746661308
"A0A265N5V4|1of1","clade5",3.00822485144393
"A0A919WRD3|1of1","clade5",3.08199913205561
"A0A1H9GI38|1of1","clade5",3.30643447102757
"A0A4R5VQJ1|1of1","clade5",3.23357082049393
"A0A9W4PH31|1of1","clade5",3.25273975834439
"A0A2N5GDY9|1of1","clade5",3.01484848944673
"A0A4Q1S304|1of1","clade5",3.1733537566243
"A0A150MMM4|1of1","clade5",3.07768769546168
"A0A7X9BRJ6|1of1","clade5",3.09674481323505
"R1CNL0|1of1","clade5",2.96438842990607
"A0A6P1TQ28|1of1","clade5",4.20039475861075
"A0A2M8ZBR0|1of1","clade5",3.86720939197196
"A0A3D1FSS6|1of1","clade5",3.91921062791402
"A0A352T218|1of1","clade5",3.14774102788131
"A0A521JRL2|1of1","clade5",3.6243216216
"A0A7U9RRZ1|1of1","clade5",3.5697262904229
"A0A412CAB8|1of1","clade5",3.7760581675528
"A8S1M9|1of1","clade5",3.80382033711869
"A0A2V3Y6U8|1of1","clade5",3.66105441476495
"A0A099S902|1of1","clade5",2.98035625314252
"A0A099SBU9|1of1","clade5",3.45570747042477
"B1IJ94|1of1","clade5",3.26877273887243
"A0A4R2BFX7|1of1","clade5",2.96859058260748
"A0AA95MEH6|1of1","clade5",3.11791184308364
"A0A7Y8WSG7|1of1","clade5",3.09849296263645
"A0A9X7J341|1of1","clade5",3.13443264616122
"I8R071|1of1","clade5",3.14121993144112
"D9TNK9|1of1","clade5",3.05860870517383
"M8CVP9|1of1","clade5",3.4923582386743
"A0A562GJ23|1of1","clade5",3.18347889065841
"A0A259U681|1of1","clade5",3.01362409704953
"A0A212LSE8|1of1","clade5",2.99550269784112
"A0A1V5JXT9|1of1","clade5",2.88881397350234
"A0A7C6C976|1of1","clade5",3.01357387707991
"A0A939TH90|1of1","clade5",2.99648904296869
"A0A8J6I3I3|1of1","clade5",3.0426758196757
"A0A173N005|1of1","clade5",3.00710350632196
"A0AAU0NVD8|1of1","clade5",3.23803822252757
"A0A166QXY6|1of1","clade5",3.20452871675093
"A0A535QAF3|1of1","clade5",3.22065320999626
"A0A536QEL9|1of1","clade5",3.31542586087944
"A0A535QQ68|1of1","clade5",3.28813426135467
"A0A7X9UVU9|1of1","clade5",3.45796836410748
"A0A2V7H227|1of1","clade5",3.44000206412664
"A0A967Z143|1of1","clade5",3.21873319341589
"A0A7V1M3G1|1of1","clade5",3.05742220651168
"A0A4S4BXR1|1of1","clade5",3.27645773123224
"A0A9W3P446|1of1","clade5",3.11354021918084
"A0A7M2Y6D7|1of1","clade5",3.60313163180327
"A0A420CFH6|1of1","clade5",3.5291874945771
"A0A4Q1F2V2|1of1","clade5",3.33971322741355
"A0A841LJL2|1of1","clade5",3.95417453565467
"A0A5C1HUI1|1of1|ref","clade5",3.91210837526542
"A0A930P9V9|1of1","clade5",3.83948081686542
"A0A257I0N1|1of1","clade5",3.64801169117757
"A0A9E2SB20|1of1","clade5",3.54594367424533
"A0A2V8VTS5|1of1","clade5",3.62290976683271
"A0A1Q7YRR5|1of1","clade5",3.84494988179252
"A0A2V9YQL0|1of1","clade5",3.83236108820981
"A0A7Y9TA16|1of1","clade5",3.78979066696682
"A0A428MMQ8|1of1","clade5",3.78635326898551
"W6MAR3|1of1","clade5",3.4887585019229
"A0A2V8QLJ3|1of1","clade5",3.44757002504252
"A0A059WTR9|1of1","clade5",3.4638112049715
"A0AAW3KHM4|1of1","clade5",3.41461441452196
"A0A5A7VL46|1of1","clade5",3.5398213374486
"A0A1M7GXF3|1of1","clade5",3.58223258789673
"B0T3D0|1of1","clade5",4.22719055974065
"A0A2T5GIS0|1of1","clade5",4.15941940995701
"A0A2W5P5M4|1of1","clade5",4.54804164865094
"A0A1W7M5Z3|1of1","clade5",4.44587728395561
"A0A8S0GSP0|1of1","clade5",3.51457091425935
"A0AB74D025|1of1","clade5",3.39907495968785
"A0A9W5LL12|1of1","clade5",3.24065211761822
"O32258|1of1|ref","clade5",3.25892314793318
"O31682|1of1|ref","clade5",3.51357492034907
"A0A6G1X9A6|1of1","clade5",3.24448461903224
"A0A431W0B1|1of1","clade5",3.24278580398972
"A0A9X1DNB0|1of1","clade5",3.13330515799393
"A0A2P7VKB2|1of1","clade5",3.3589664604472
"A0A2M9N2K0|1of1","clade5",3.6469228943472
"A0A3N6CC33|1of1","clade5",3.64656621101682
"A0A1R0ZB87|1of1","clade5",3.54932958016776
"A0A2N9Z3X8|1of1|ref","clade5",3.90118950780187
"A0A4Y8LXD7|1of1","clade5",3.6940383652771
"A0A418TA90|1of1","clade5",3.64855058124579
"A0A1Y5K9S0|1of1","clade5",3.62364333397897
"A0A926KNN6|1of1","clade5",3.56711198665093
"A0A0P9DJ33|1of1","clade5",3.62064564623832
"A0A916K8H6|1of1","clade5",3.54996292101869
"R7FHT5|1of1","clade5",3.50738698834252
"G0VM00|1of1","clade5",3.91750746534953
"W1W8X1|1of1","clade5",3.98962257117757
"A0A8J8MAQ9|1of1","clade5",3.27479853075608
"A0A416EYA6|1of1","clade5",3.93803677457336
"A0A417FD09|1of1","clade5",3.66519557357897
"A0A414D7L0|1of1","clade5",3.96757504376869
"A0A174PS43|1of1","clade5",3.87520046201822
"D7GSB2|1of1","clade5",3.85480232820467
"A0A1D3TRH3|1of1","clade5",3.44146445712991
"A0A3A6FY23|1of1","clade5",3.79177072545607
"A0A6N2RGF8|1of1","clade5",3.65585923332383
"F7KPP4|1of1","clade5",3.81559841919439
"A0A413BHB5|1of1","clade5",3.95194171910561
"A0A373UE61|1of1","clade5",3.7105604510729
"A0A3D5LD54|1of1","clade5",3.80481222130981
"A0A414RLB8|1of1","clade5",3.7930702178215
"A0A6L6XJH9|1of1","clade5",3.79788268368505
"A0A7C6UXG3|1of1","clade5",3.30064254608131
"A0A970J9V3|1of1","clade5",3.1833510462
"A0A1F0GEE6|1of1","clade5",3.7757508072715
"I3E847|1of1","clade5",3.49568372480841
"A0AA96N1M8|1of1","clade5",3.46844431068178
"V6M8X7|1of1","clade5",3.19500566138972
"A0A291BF08|1of1","clade5",3.17937902328785
"A0A6N9Q5R9|1of1","clade5",3.12800127767196
"A0A0P9DSJ4|1of1","clade5",3.1942486176285
"A0A1A5YVG0|1of1","clade5",3.27256321486635
"A0A418SNX1|1of1","clade5",3.19890943486075
"A0A7Z2ZRK3|1of1","clade5",3.40984739606636
"A0A917D230|1of1","clade5",3.29809545018925
"A0A1H7YCL9|1of1","clade5",3.54708223314065
"A0A329QGV0|1of1","clade5",3.60365183513551
"A0A0E4HDR3|1of1","clade5",3.57621103587897
"A0A933XAG6|1of1","clade3",3.34772345426864
"A0A1G1BBJ5|1of1","clade3",3.25123984920085
"A0A6B3UU21|1of1","clade3",3.80876132665042
"A0A418WJK4|1of1","clade3",3.850820675
"A0A9E9GLD5|1of1","clade3",3.70615671040339
"A0A0H4WZF4|1of1","clade3",3.49219237657754
"H8MUM6|1of1|ref","clade3",3.7206346215839
"A0A3A8HAY2|1of1","clade3",3.70543635605424
"A0A5B3GMD1|1of1","clade3",3.75408814426441
"A0A285ZQD3|1of1","clade3",3.44059662761822
"A0A101TWC9|1of1","clade3",3.94495970810763
"L8P1E0|1of1","clade3",3.97101821584068
"A0A7H8PJW8|1of1|ref","clade3",3.63781701021314
"A0A1H4IP28|1of1","clade3",3.63024063172161
"A0A8T0C5U0|1of1","clade3",3.88127227427627
"A7UG63|1of1","clade3",3.88108585517203
"A0A9D5TAX3|1of1","clade3",4.29085125861653
"R7AQK3|1of1","clade3",4.30161176333475
"A0A372Z340|1of1","clade3",4.102763278925
"A0AAW4ZHY1|1of1","clade3",3.98830436821949
"A0A174TMX2|1of1","clade3",3.78866053887712
"A0A0W1D8A6|1of1","clade3",3.89653464928305
"A0A1U9NAP8|1of1","clade3",3.55279982864746
"A0A7K1WUT6|1of1","clade3",3.49579161558771
"A0A1T5CDZ6|1of1","clade3",3.76322131155636
"A0A9X2JGC5|1of1","clade3",3.64694025267288
"A0A959AUA3|1of1","clade3",3.69868309586568
"A0A9E2DPG2|1of1","clade3",3.94637633859407
"A0A2G6T9Q5|1of1","clade3",3.89987588636102
"A0A2R7KXX1|1of1","clade3",3.95167452532076
"A0A7G7FXP3|1of1","clade3",3.60853774433517
"A0A852T998|1of1","clade3",3.70759054791568
"A0A2C1ZFA0|1of1","clade3",3.74148234191568
"A0A0Q4L6N0|1of1","clade3",3.61587576555678
"A0A0T5VV30|1of1","clade3",3.61029254494237
"A0A1Y2RHE5|1of1|ref","clade3",3.81332755244449
"A0A935F9Z6|1of1","clade3",3.8589322134572
"A0A3P3UBD0|1of1","clade3",3.62185605473729
"A0A948RGI6|1of1","clade3",3.71535246869407
"A0AA51DDB3|1of1","clade3",4.03470989944407
"A0A7U4E602|1of1","clade3",4.08690872577881
"A0A5S3QRP5|1of1","clade3",3.51700295239703
"A0A936ZUA5|2of3","clade3",3.51188177107924
"A0A2M9BAE7|1of1","clade3",3.63117163225212
"A0AAU0REM6|1of1","clade3",3.65772329764195
"A0A841BMP2|1of1","clade3",3.65361993173051
"A0A4R4Q2S2|1of1","clade3",3.78345673815678
"A0A5C4QWQ9|1of1","clade3",3.74903949889407
"A0A3A8RTQ0|1of1","clade3",3.6681902486178
"A0A1H7PJC8|1of1","clade3",4.7573747560267
"A0A2E5W4C4|1of1","clade3",3.39958280469788
"L0DD69|1of1","clade3",3.36105983857288
"A0A916NFA3|1of1","clade3",3.02442735046229
"A0A1Y6KW18|1of1|ref","clade3",3.33011646901398
"A0A1Y6MCM0|1of1","clade3",3.27242862350763
"A0A1H7I491|1of2","clade3",3.36438230539958
"A0A023BW51|1of1","clade3",3.3656470237678
"A0A9E7CTU1|1of3","clade3",3.32515497941144
"A0A936ZUA5|1of3","clade3",3.35962363963093
"A0A1H7L5A6|1of3","clade3",3.37644094712034
"A0A482Y1Q5|1of1","clade3",2.9266012154178
"A0A4P9THL2|1of1","clade3",3.04031600549407
"A0AAD3ASI3|1of1","clade3",3.2437579236
"A0A2N5EE67|1of1","clade3",3.08223806962373
"A7GH50|1of1","clade3",2.61973803953729
"A0A1C8FNW5|1of1","clade3",2.85543361842712
"A0A5B0WQJ0|1of1","clade3",2.65381674905042
"A0A6B4FZF7|1of1","clade3",2.94518106841271
"A0A0M0F1X2|1of1","clade3",3.00696662992246
"A0A1E4X7Z0|1of1","clade3",3.07848522643178
"A0A1S2KLC1|1of1","clade3",2.98701330245636
"A0A1S6F5A2|1of1","clade3",3.304043280075
"A0A919GGB7|1of1","clade3",3.34566658857034
"A0AAU2HDY7|1of1","clade3",3.30277689480551
"A0A5P9J2I8|1of1","clade3",3.0459001967483
"A0A7Y4B1G5|1of1","clade3",3.13051006820932
"P96156|1of1|ref","clade3",3.29380113262627
"B7VRF8|1of1|ref","clade3",3.18284786120678
"A0A076HB65|1of1","clade3",2.88442546050339
"A0A358CUN6|1of1","clade3",2.63976421618136
"H3SDP8|1of2","clade3",2.98619752919153
"A0A7U7YJI0|1of1","clade3",3.03896565639703
"A0A4Y3JPW4|1of1","clade3",3.13953321812585
"A0A0C1Z1S8|1of1","clade3",2.83653077186314
"A0A1T4ML36|1of1","clade3",2.88821461680805
"A0A0U3MSZ2|1of1","clade3",3.15366031716992
"A0A5C6Z7S2|1of1","clade3",3.16029004376737
"A0A1H6C142|1of1","clade3",3.11443520816864
"A0A7Y4E9T7|1of1","clade3",3.26650996031907
"B6A879|1of1|ref","clade3",3.48067876875466
"F6KTD4|1of1","clade3",3.5391965525089
"B6A876|1of1|ref","clade3",3.88070119163771
"A0A329WIZ9|1of1","clade3",3.66696913754025
"A0A5E4W3K7|1of1","clade3",3.51940578895508
"A0A2S8Q281|1of1","clade3",3.61072492837034
"A0A447PN04|1of1","clade3",3.69674248085805
"A0A376E139|1of1|ref","clade3",3.59941531530932
"F7NXL7|1of1","clade3",2.72711661457754
"A0A1H4FLX1|1of1","clade3",2.77107917096949
"A0A8B2SDI3|1of1","clade3",2.8045163202661
"P07254|1of1|ref","clade3",2.81696834882881
"A0AAW6X8C9|1of1","clade3",2.80533838862119
"A0A1S6HQG7|1of1","clade3",2.77903775822161
"A3D751|1of1","clade3",2.78149850243983
"A0A6S4T560|1of1","clade3",2.8691454416411
"A0A8E2NA29|1of1","clade3",2.87129476076356
"A0A8E1YAV4|1of1|ref","clade3",2.95506747329322
"A0AAV3EUB7|1of1","clade3",2.95290154958983
"A0A9Q8XKS6|1of1","clade3",2.9584804177428
"A0A1T4NNU6|1of1","clade3",2.957045723425
"P32823|1of1|ref","clade3",3.0550655142661
"A0A0N1ES29|1of1","clade3",3.01493279897797
"A0A7Y9NP26|1of1","clade3",2.53067808461992
"A0A327NQ76|1of1","clade3",2.75665153773305
"A0A7W2M5S0|1of1","clade3",2.82336203207203
"A0A8J7IGC4|1of1","clade3",2.8123907923983
"A0A418PR50|1of1","clade3",2.70792188405636
"A0A0Q9ZG59|1of1","clade3",2.77779470689534
"A0A1G6XEK3|1of1","clade3",2.78927780732076
"W6TQG6|1of1","clade3",2.79901607841356
"A0AAJ2GC06|1of1","clade3",3.05306736351525
"A0A4U1CKV9|1of1","clade3",2.96393930980847
"A0A7K1Y1A0|1of1","clade3",2.98151413043771
"A0A373GR53|1of1","clade3",2.95551351070127
"A0A7Z7CFK5|1of1","clade3",2.88069004413136
"A0A1V3Q2P4|1of1","clade3",2.95602737405593
"A0A522JKQ4|1of1","clade3",3.00344394053263
"A0A328P774|1of1","clade3",2.86320266922839
"A0A2W6VTG7|1of1","clade3",3.21314425091483
"A0A1R1AZ10|1of1","clade3",3.13318437366525
"A0A841MM08|1of1","clade3",3.08723886747585
"A0A5C8V8Z4|1of1","clade3",3.06986442047839
"A0A9E2ARS3|1of1","clade3",3.08655597130254
"A0A2G6TAK0|1of1|ref","clade3",3.27026428931907
"A0A1J7BM16|1of1","clade3",3.22472677706695
"A0A1X9Z834|1of1","clade3",3.42434321899237
"A0A1V9ETC2|1of1","clade3",3.29410282135042
"A0A0H3N1L0|1of1","clade3",3.34097346002119
"A0AAP8PI92|1of1","clade3",3.24787101359153
"A0A855LX82|1of1|ref","clade3",3.46655198205508
"A0A6G9RLS8|1of1","clade3",3.38198523415678
"A0A1Q4G719|1of1","clade3",3.058834053625
"A0A4R0NAE8|1of1","clade3",3.07787401390042
"A0A414LGH4|1of1","clade3",3.33024831362203
"A0A3A5PE58|1of1","clade3",3.37361616567076
"A0A069SEV1|1of1","clade3",3.43879517617415
"A0A374PZE8|1of1","clade3",4.04530676830212
"A0A2N2ZE41|1of1","clade3",3.99753419365381
"P11797|1of1|ref","clade3",3.01277473589661
"A0AA45BLA1|1of1","clade3",3.01617652818475
"A0AAJ1UDJ7|1of1","clade3",2.91231699962924
"A0A850BBL3|1of1","clade3",2.28735144233263
"A5FB63|1of2|ref","clade3",3.05747646127797
"A0A268JUH0|1of1","clade3",2.45037416846525
"A0A1C5PF82|1of1","clade3",2.95113625011483
"A0A3E2NGH4|1of1","clade3",2.5696834387572
"A0A4R3MRT0|1of1","clade3",2.60975672214703
"W0T116|1of1","clade3",2.25966820328644
"A0A2A5IZK2|1of1","clade3",2.45803857457839
"A0A1Q5XV66|1of1","clade3",2.49105865398347
"P20533|1of1|ref","clade3",2.34910141162839
"A0A358GLS8|1of1","clade3",2.34910142228305
"A0A385THE8|1of1|ref","clade3",2.81765786473814
"A0A5C5AND6|1of1","clade3",2.51428002083136
"A0AA45MQ70|1of1","clade3",3.12473690667669
"A0A4Y9SY11|1of1","clade3",3.19456722136864
"A0A1M7R1R9|1of1","clade3",3.2228836195572
"A0A9E9GW27|1of1","clade3",2.39118840584788
"A0A4Q0SYJ7|1of1","clade3",3.0080719637483
"A0A810NHP7|1of1","clade3",3.0813347484589
"A0AAU1PMH4|1of1","clade3",2.54919623342966
"A0A0D0NRC8|1of1","clade3",2.55450891955466
"A0A9X2NN61|1of1","clade3",2.58124679126271
"A0AAU4MGR9|1of1","clade3",2.61116952249153
"A0A4R0IBU7|1of1","clade3",2.62473044150636
"A0A3N1V3Z4|1of1","clade3",2.72877140247161
"A0AAU1PCF8|1of1","clade3",2.56529204396398
"A0A973Q7Z4|1of1","clade3",2.56786481261229
"A0A516ND42|1of1","clade3",2.95645650366102
"A0A6M5UGJ4|1of1","clade3",2.59270317801186
"A0A4Y8QY67|1of1","clade3",2.59421218261568
"A0A7W8B848|1of1","clade3",2.53607913672754
"A0A5M3Y0P1|1of1","clade3",2.5628818004661
"A0A8J3RIB1|1of1|ref","clade3",2.57984946578559
"A0A8J3WG23|1of1","clade3",2.58363949241271
"A0A6B2SXG8|1of1","clade3",2.62625188378008
"A0A3Q8VTD7|1of1","clade3",2.67296167697542
"A0A6I5HRV3|1of1","clade3",2.64844786397331
"A0A7Y9XDR8|1of1","clade3",2.56510920210508
"A0A438LXD4|1of1","clade3",2.64679396146398
"A0A8G1XC51|1of1","clade3",2.75833150966483
"A0A1V3C8Z9|1of1","clade3",3.08313370324534
"A0A9P2WRF8|1of1","clade3",3.06507345426864
"A0A8J3CGZ7|1of1","clade3",2.46063532852458
"A0A1H6ECJ6|1of1","clade3",2.63359448766907
"A0A4R6JK13|1of1","clade3",2.82050671017754
"A0AAU5ZPB8|1of1","clade3",2.93613252583008
"A0A7W7M777|1of1","clade3",2.701804505875
"A0A1C5I9Q0|1of1","clade3",2.65054251869068
"A0A1Q5JES7|1of1","clade3",2.68362811948136
"A0AAU4N182|1of1","clade3",2.66468405082839
"A0AAU1S435|1of1","clade3",2.65365540792373
"Q7NQA0|1of1","clade3",2.51753377496483
"A0A105L0Y0|1of1","clade3",2.47124850018093
"F8WSU4|1of1","clade3",2.48263214990975
"A0A843S9I4|1of1","clade3",2.57725414354831
"A0A3G2EDD2|1of1","clade3",2.50978677901653
"A0A0R0B9V6|1of1|ref","clade3",2.42665402657627
"A0A6B8HBS4|1of1","clade3",2.41828486134534
"U5VTA4|1of1","clade3",2.94013203706652
"A0A7H8HSI2|1of1","clade3",2.60935613447203
"A0A9X2GTD2|1of1","clade3",2.582600173525
"A0A6B1KUU1|1of1","clade3",2.64313762376907
"S2YS56|1of1","clade3",2.61992621711229
"A0AAU1BFG7|1of1","clade3",2.66888107633813
"A0AAU1MXJ1|1of1","clade3",2.74728412346568
"A0A1H4T8R8|1of1","clade3",2.63140110320085
"A0A7R8ND26|1of1","clade3",2.74141217523602
"A0A429UIK5|1of1|ref","clade3",2.64412628574449
"A0A6B2SRW7|1of1","clade3",2.70420726242542
"P11220|1of1|ref","clade3",2.76294348749831
"P36909|1of1|ref","clade3",2.76101058593178
"A0A6G3TQQ8|1of1","clade3",2.72987709248263
"A0A8J3S1I0|1of1","clade3",2.55665376350085
"A0A428XXW0|1of1","clade3",2.73571234659534
"A0A497ZQZ0|1of1","clade3",2.63399108592373
"A0A4R4NZN4|1of1","clade3",2.52734520797288
"A0A499UR72|1of1","clade3",2.63635393159449
"A0AB33KVJ4|1of1","clade3",2.71145004344746
"A0A6I7XVS9|1of1","clade3",2.67889029735847
"A0A1W5XXB1|1of1","clade3",2.70436081497924
"A0AAJ2PTR0|1of1","clade3",2.8575651948983
"A0A0N1H9U3|1of1","clade3",2.80528761588136
"A0A5P2C4B0|1of1","clade3",2.74239304668686
"A0A7W9WGW0|1of1","clade3",2.75045043074492
"A0A7U9DNZ8|1of1","clade3",2.80160965652542
"A0A0S2NWA5|1of1","clade3",2.73007556790254
