"trait","n","n_pos","D","p_vs_random","p_vs_brownian","phyloglm_min_clade_p"
"cat_cell_wall_peptidoglycan_binding_or_remodeling",654,70,-0.576996649375601,0,0.992,0.97750726677314
"phy_Actinomycetota",630,171,-0.529446048457275,0,1,0.000289099634834992
"phy_Bacteroidota",630,84,-0.405933635502004,0,0.974,0.991759306662109
"phy_Chloroflexota",630,18,-0.358698920914529,0,0.846,0.427475247462625
"phy_Bacillota",630,196,-0.344837348155848,0,0.988,0.0407209029760328
"phy_Pseudomonadota",630,103,-0.293235906944163,0,0.95,0.523692488173985
"cat_carbohydrate_binding_metabolism",654,257,-0.222174185812364,0,0.942,0.00116117872793104
"cat_enzymatic_catalytic_function",654,55,-0.202359912178354,0,0.825,0.477666455629463
"secreted",654,430,0.0011118295280491,0,0.517,0.088729165313499
"cat_other_unclassified",654,92,0.105998830864794,0,0.273,0.278586577536571
"cat_structural_scaffolding",654,111,0.128514318121489,0,0.219,0.0647704285194547
"prom",654,28,0.300008227541105,0,0.125,0.0151848330933576
"cat_membrane_associated_lipid_interacting",654,66,0.327851628855292,0,0.037,0.0862016103679629
"cat_transport_secretion_system",654,53,0.370136755860324,0,0.021,0.0178891863328049
