group_1,group_2,n_1,n_2,chi2,dof,p,cramers_V
I,II,64,119,11.856270135531833,3,0.007892091455023509,0.2545355798240176
I,III,64,293,11.088686466492046,3,0.011255854266782255,0.17624059238648634
I,IV,64,28,16.285443722943718,3,0.0009909655663418793,0.42073232897020474
I,V,64,268,70.96822060020173,3,2.6479750827220618e-15,0.4623415410743634
II,III,119,293,4.551373821380368,3,0.20775338069971377,0.10510482309723881
II,IV,119,28,24.188985240835464,3,2.281031551306699e-05,0.4056487643339783
II,V,119,268,95.84314760590723,3,1.216488360707377e-20,0.4976511952763371
III,IV,293,28,19.80478390274142,3,0.00018631094577567205,0.24838910224576932
III,V,293,268,138.0049876157733,3,1.0176503605556802e-29,0.49598205148325203
IV,V,28,268,3.0998028535623674,2,0.21226889682391706,0.1023342901363502
