tip,accession,clade,group,Prediction,signal_peptide
A0A4R5C255|1of1,A0A4R5C255,clade1,I,SP,Sec/SPI
A0A6I1YR46|1of1,A0A6I1YR46,clade1,I,SP,Sec/SPI
P14529|1of1|ref,P14529,clade1,I,LIPO,Sec/SPII
A0A5M7C9P2|1of1|ref,A0A5M7C9P2,clade1,I,SP,Sec/SPI
A0A9X2SHV4|1of1,A0A9X2SHV4,clade1,I,SP,Sec/SPI
A0A0A0ND72|1of1,A0A0A0ND72,clade1,I,SP,Sec/SPI
A0AAU2HI16|1of1,A0AAU2HI16,clade1,I,SP,Sec/SPI
A0AB39RRW4|3of3,A0AB39RRW4,clade1,I,SP,Sec/SPI
A0A4D4K4Y5|1of1,A0A4D4K4Y5,clade1,I,TAT,Tat/SPI
A0A2T7TDA3|1of1,A0A2T7TDA3,clade1,I,SP,Sec/SPI
A0A0X3SH51|1of1,A0A0X3SH51,clade1,I,SP,Sec/SPI
A0AAU1IFZ0|1of1,A0AAU1IFZ0,clade1,I,SP,Sec/SPI
A0A9W6UL76|1of1,A0A9W6UL76,clade1,I,SP,Sec/SPI
A0A238ZIG1|1of1,A0A238ZIG1,clade1,I,SP,Sec/SPI
A0A429B0K2|1of1,A0A429B0K2,clade1,I,SP,Sec/SPI
A0A2S4YTB5|1of1,A0A2S4YTB5,clade1,I,TAT,Tat/SPI
A0A7K3A0U4|1of1,A0A7K3A0U4,clade1,I,SP,Sec/SPI
A0A931A9D2|1of1,A0A931A9D2,clade1,I,SP,Sec/SPI
A0A4R2H091|1of1,A0A4R2H091,clade1,I,SP,Sec/SPI
A0A427TN29|1of1,A0A427TN29,clade1,I,SP,Sec/SPI
A0A919JUX7|1of1,A0A919JUX7,clade1,I,SP,Sec/SPI
A0A7J5C9E4|1of1,A0A7J5C9E4,clade1,I,SP,Sec/SPI
A0A2A3JA86|1of1,A0A2A3JA86,clade1,I,SP,Sec/SPI
A0AAU6FEE3|1of1,A0AAU6FEE3,clade1,I,SP,Sec/SPI
A0A0M8VN40|1of1,A0A0M8VN40,clade1,I,SP,Sec/SPI
A0AAU5SXM3|1of1,A0AAU5SXM3,clade1,I,SP,Sec/SPI
A0A1Q4W0W6|1of1,A0A1Q4W0W6,clade1,I,SP,Sec/SPI
A0A9W6Q0W8|1of1,A0A9W6Q0W8,clade1,I,SP,Sec/SPI
A0A2P2GPQ0|1of1,A0A2P2GPQ0,clade1,I,SP,Sec/SPI
A0A6N9V4J3|1of1,A0A6N9V4J3,clade1,I,SP,Sec/SPI
A0A6B2VIQ1|1of1,A0A6B2VIQ1,clade1,I,SP,Sec/SPI
A0A3G2J6H9|1of1,A0A3G2J6H9,clade1,I,SP,Sec/SPI
A0AAU5NS77|1of1,A0AAU5NS77,clade1,I,OTHER,No signal peptide
A0AAU1PH99|1of1,A0AAU1PH99,clade1,I,SP,Sec/SPI
A0A939JKX3|1of1,A0A939JKX3,clade1,I,OTHER,No signal peptide
A0AAU1C998|1of1,A0AAU1C998,clade1,I,SP,Sec/SPI
A0A7H1Q9Z1|1of1,A0A7H1Q9Z1,clade1,I,SP,Sec/SPI
A0A0Q6ME22|1of2,A0A0Q6ME22,clade1,I,SP,Sec/SPI
A0A5J4K6W7|1of1,A0A5J4K6W7,clade1,I,SP,Sec/SPI
A0A257Z424|1of1,A0A257Z424,clade1,I,OTHER,No signal peptide
A0A258J1N2|1of1,A0A258J1N2,clade1,I,OTHER,No signal peptide
A0A3S4LGA4|1of1,A0A3S4LGA4,clade1,I,SP,Sec/SPI
A0A2S8KJ83|1of2,A0A2S8KJ83,clade1,I,SP,Sec/SPI
A0A7I9ZSW2|1of2,A0A7I9ZSW2,clade1,I,OTHER,No signal peptide
A0AAN1I9F3|1of1,A0AAN1I9F3,clade1,I,OTHER,No signal peptide
A0A0G1FEY9|1of1,A0A0G1FEY9,clade1,I,OTHER,No signal peptide
A0A545BI60|1of1,A0A545BI60,clade1,I,OTHER,No signal peptide
A0A9X6LEV6|1of1,A0A9X6LEV6,clade1,I,SP,Sec/SPI
A0A6G4CMV1|1of1,A0A6G4CMV1,clade1,I,SP,Sec/SPI
R8WJR9|1of1,R8WJR9,clade1,I,SP,Sec/SPI
A0A482PJ69|1of1,A0A482PJ69,clade1,I,SP,Sec/SPI
A0A0H2VD17|1of1,A0A0H2VD17,clade1,I,SP,Sec/SPI
A0A1Q5F0T4|1of1,A0A1Q5F0T4,clade1,I,SP,Sec/SPI
A0A2H5AW99|1of1,A0A2H5AW99,clade1,I,SP,Sec/SPI
A0A919SL20|1of1,A0A919SL20,clade1,I,SP,Sec/SPI
A0A8J3U4J9|1of1,A0A8J3U4J9,clade1,I,SP,Sec/SPI
A0AAU2E8R9|1of1,A0AAU2E8R9,clade1,I,SP,Sec/SPI
A0A429HYE5|1of1,A0A429HYE5,clade1,I,SP,Sec/SPI
A0AAU1MG97|1of1,A0AAU1MG97,clade1,I,SP,Sec/SPI
A0A1H0IXH9|1of1,A0A1H0IXH9,clade1,I,SP,Sec/SPI
A0A286FSV0|1of1,A0A286FSV0,clade1,I,SP,Sec/SPI
F2R3N3|1of1|ref,F2R3N3,clade1,I,SP,Sec/SPI
A0A6G2V7T8|1of1,A0A6G2V7T8,clade1,I,SP,Sec/SPI
A0A944ECL2|1of1,A0A944ECL2,clade1,I,SP,Sec/SPI
A0A431LS51|1of1,A0A431LS51,clade2,II,SP,Sec/SPI
A0A0Q6MD47|1of1,A0A0Q6MD47,clade2,II,SP,Sec/SPI
A0A0Q6ME22|2of2,A0A0Q6ME22,clade2,II,SP,Sec/SPI
A0A951UV01|1of1,A0A951UV01,clade2,II,OTHER,No signal peptide
WP_013557610.1,WP_013557610.1,clade2,II,LIPO,Sec/SPII
WP_083438049.1,WP_083438049.1,clade2,II,SP,Sec/SPI
WP_218229209.1,WP_218229209.1,clade2,II,SP,Sec/SPI
WP_272939324.1,WP_272939324.1,clade2,II,SP,Sec/SPI
D3EK74|1of1,D3EK74,clade2,II,SP,Sec/SPI
WP_263036540.1,WP_263036540.1,clade2,II,LIPO,Sec/SPII
WP_179399008.1,WP_179399008.1,clade2,II,LIPO,Sec/SPII
WP_143867926.1,WP_143867926.1,clade2,II,LIPO,Sec/SPII
A0A015SSG1|1of1,A0A015SSG1,clade2,II,LIPO,Sec/SPII
A0A7T7V0P2|1of1,A0A7T7V0P2,clade2,II,LIPO,Sec/SPII
A0A1E5GA92|1of1,A0A1E5GA92,clade2,II,SP,Sec/SPI
A0A7T7HBU7|1of1,A0A7T7HBU7,clade2,II,LIPO,Sec/SPII
A0A5B2VS66|1of1,A0A5B2VS66,clade2,II,LIPO,Sec/SPII
A0A2P8FRZ5|1of1,A0A2P8FRZ5,clade2,II,LIPO,Sec/SPII
A0A7W6K8L9|1of1,A0A7W6K8L9,clade2,II,LIPO,Sec/SPII
A0A6A1XPQ2|1of1,A0A6A1XPQ2,clade2,II,LIPO,Sec/SPII
A0A5B3GKF8|1of1,A0A5B3GKF8,clade2,II,LIPO,Sec/SPII
P36911|1of1|ref,P36911,clade2,II,LIPO,Sec/SPII
A0A7Z7LVK9|1of1,A0A7Z7LVK9,clade2,II,LIPO,Sec/SPII
A0A415Q0R8|1of1,A0A415Q0R8,clade2,II,LIPO,Sec/SPII
A0A3A5WLZ6|1of1,A0A3A5WLZ6,clade2,II,LIPO,Sec/SPII
A0A412XU72|1of1,A0A412XU72,clade2,II,LIPO,Sec/SPII
A0A7V1SRB6|1of1,A0A7V1SRB6,clade2,II,LIPO,Sec/SPII
A0A5D8ZNC1|1of1,A0A5D8ZNC1,clade2,II,SP,Sec/SPI
A0A420CKH5|1of1|ref,A0A420CKH5,clade2,II,SP,Sec/SPI
A0A411DRE2|1of1,A0A411DRE2,clade2,II,SP,Sec/SPI
A0A4R8CWR7|1of1,A0A4R8CWR7,clade2,II,TAT,Tat/SPI
P04067|1of1|ref,P04067,clade2,II,SP,Sec/SPI
A0A5J6GA47|1of1,A0A5J6GA47,clade2,II,SP,Sec/SPI
A0A7G2D6V4|1of1,A0A7G2D6V4,clade2,II,SP,Sec/SPI
A0A640MQ11|1of1,A0A640MQ11,clade2,II,SP,Sec/SPI
P80036|1of1|ref,P80036,clade2,II,OTHER,No signal peptide
A0A502BT48|1of1,A0A502BT48,clade2,II,SP,Sec/SPI
A0AAD3AVF3|2of2,A0AAD3AVF3,clade2,II,SP,Sec/SPI
A0A3S3QTC6|1of1,A0A3S3QTC6,clade2,II,OTHER,No signal peptide
A0AAI8BIF5|1of2,A0AAI8BIF5,clade2,II,SP,Sec/SPI
A0A167F4N4|1of1,A0A167F4N4,clade2,II,OTHER,No signal peptide
A0A150P7L5|1of1,A0A150P7L5,clade2,II,LIPO,Sec/SPII
A0AA90R2P8|1of1,A0AA90R2P8,clade2,II,LIPO,Sec/SPII
S4APZ7|1of1,S4APZ7,clade2,II,OTHER,No signal peptide
A0A2A3HW91|1of1,A0A2A3HW91,clade2,II,SP,Sec/SPI
A0A150VND8|1of1,A0A150VND8,clade2,II,SP,Sec/SPI
A0A0M4KCA6|1of1,A0A0M4KCA6,clade2,II,LIPO,Sec/SPII
A0A0V8CKA6|1of1,A0A0V8CKA6,clade2,II,SP,Sec/SPI
A0A2T3ILP5|1of1,A0A2T3ILP5,clade2,II,SP,Sec/SPI
A0A454CRX6|1of1,A0A454CRX6,clade2,II,SP,Sec/SPI
A0A837NXJ2|1of1|ref,A0A837NXJ2,clade2,II,SP,Sec/SPI
A0A2N7CJR6|1of1,A0A2N7CJR6,clade2,II,SP,Sec/SPI
Q838S2|1of1|ref,Q838S2,clade2,II,SP,Sec/SPI
A0AAQ3WAX7|1of1,A0AAQ3WAX7,clade2,II,SP,Sec/SPI
A0A099WEB1|1of1,A0A099WEB1,clade2,II,SP,Sec/SPI
A0A3T2I268|1of1,A0A3T2I268,clade2,II,SP,Sec/SPI
A0A829A2C1|1of1,A0A829A2C1,clade2,II,SP,Sec/SPI
A0AAJ2NDQ8|1of1,A0AAJ2NDQ8,clade2,II,OTHER,No signal peptide
Q9WXD3|1of1|ref,Q9WXD3,clade2,II,OTHER,No signal peptide
A0A3G7UCR3|1of1,A0A3G7UCR3,clade2,II,OTHER,No signal peptide
J2PM95|1of1,J2PM95,clade2,II,OTHER,No signal peptide
A0A8H9Z8V5|1of1,A0A8H9Z8V5,clade2,II,OTHER,No signal peptide
A0A3C1WNL0|1of1,A0A3C1WNL0,clade2,II,SP,Sec/SPI
WP_111410486.1,WP_111410486.1,clade2,II,SP,Sec/SPI
WP_194569000.1,WP_194569000.1,clade2,II,SP,Sec/SPI
A0A413RBI4|3of3,A0A413RBI4,clade2,II,SP,Sec/SPI
A0AAP3HD61|1of1,A0AAP3HD61,clade2,II,SP,Sec/SPI
A0A1G7R0D1|2of2|ref,A0A1G7R0D1,clade2,II,SP,Sec/SPI
A0A8J6I2A2|1of1,A0A8J6I2A2,clade2,II,OTHER,No signal peptide
A7GCA5|1of1,A7GCA5,clade2,II,SP,Sec/SPI
A0A329FAB9|1of1,A0A329FAB9,clade2,II,SP,Sec/SPI
A0A9E9GXD9|1of1,A0A9E9GXD9,clade2,II,SP,Sec/SPI
A0A848LQP1|1of1,A0A848LQP1,clade2,II,OTHER,No signal peptide
P27050|1of1|ref,P27050,clade2,II,SP,Sec/SPI
A0A329QZH3|1of1,A0A329QZH3,clade2,II,SP,Sec/SPI
A0A7X3IFY2|1of1,A0A7X3IFY2,clade2,II,SP,Sec/SPI
A0A2P8IBY0|1of1,A0A2P8IBY0,clade2,II,SP,Sec/SPI
A0A973LUT2|1of1,A0A973LUT2,clade2,II,SP,Sec/SPI
A0A8J3WJ19|1of1,A0A8J3WJ19,clade2,II,SP,Sec/SPI
A0A1H3RUQ4|1of1,A0A1H3RUQ4,clade2,II,SP,Sec/SPI
A0A850J7G8|1of1,A0A850J7G8,clade2,II,SP,Sec/SPI
A0AAU5UMC3|1of1,A0AAU5UMC3,clade2,II,SP,Sec/SPI
A0A2L0N712|1of1,A0A2L0N712,clade2,II,SP,Sec/SPI
A0AAU8J0G0|1of1,A0AAU8J0G0,clade2,II,SP,Sec/SPI
Q05638|1of1|ref,Q05638,clade2,II,SP,Sec/SPI
A0A4Y3RTZ4|1of1,A0A4Y3RTZ4,clade2,II,SP,Sec/SPI
A0A953R518|1of1,A0A953R518,clade2,II,SP,Sec/SPI
A0A1T3VL21|1of1,A0A1T3VL21,clade2,II,SP,Sec/SPI
A0A381ETT0|1of1,A0A381ETT0,clade2,II,SP,Sec/SPI
A0A1I0ZRS5|1of1,A0A1I0ZRS5,clade2,II,LIPO,Sec/SPII
A0A3N7K052|1of1,A0A3N7K052,clade2,II,SP,Sec/SPI
A0A7H8PZD8|1of1,A0A7H8PZD8,clade2,II,SP,Sec/SPI
A0A8I2HE34|1of1,A0A8I2HE34,clade2,II,SP,Sec/SPI
A0A0Q0Q217|1of1,A0A0Q0Q217,clade2,II,SP,Sec/SPI
A0AA46UHT3|1of1,A0AA46UHT3,clade2,II,SP,Sec/SPI
A0A1H3P9Y6|1of1,A0A1H3P9Y6,clade2,II,SP,Sec/SPI
A0A7X3CN77|1of1,A0A7X3CN77,clade2,II,SP,Sec/SPI
A0A1H7GZL9|1of1,A0A1H7GZL9,clade2,II,SP,Sec/SPI
A0A0A6UB86|1of1,A0A0A6UB86,clade2,II,SP,Sec/SPI
A0A6I5W9U3|1of1,A0A6I5W9U3,clade2,II,SP,Sec/SPI
A0A6F8YM13|1of1,A0A6F8YM13,clade2,II,SP,Sec/SPI
A0A6L9QHM7|1of1,A0A6L9QHM7,clade2,II,SP,Sec/SPI
A0A5S4G042|1of1,A0A5S4G042,clade2,II,SP,Sec/SPI
A0A1Q4WYD5|1of1,A0A1Q4WYD5,clade2,II,SP,Sec/SPI
A0A164RM01|1of1,A0A164RM01,clade2,II,SP,Sec/SPI
A0A2P8IDT9|1of1,A0A2P8IDT9,clade2,II,SP,Sec/SPI
A0A0H3CZ70|1of1,A0A0H3CZ70,clade2,II,SP,Sec/SPI
A0A563EGS5|1of1,A0A563EGS5,clade2,II,SP,Sec/SPI
A0A4V6N3Q8|1of1,A0A4V6N3Q8,clade2,II,SP,Sec/SPI
A0A939IB76|1of1,A0A939IB76,clade2,II,OTHER,No signal peptide
A0A3N4RPU1|1of1,A0A3N4RPU1,clade2,II,SP,Sec/SPI
A0A505D7J4|1of1|ref,A0A505D7J4,clade2,II,SP,Sec/SPI
A0AAU4S882|1of1,A0AAU4S882,clade2,II,SP,Sec/SPI
A0A327V961|1of1,A0A327V961,clade2,II,SP,Sec/SPI
A0A2T7LZR1|1of1,A0A2T7LZR1,clade2,II,SP,Sec/SPI
A0A5P2DQ14|1of1,A0A5P2DQ14,clade2,II,SP,Sec/SPI
A0A3R9XTW6|1of1,A0A3R9XTW6,clade2,II,SP,Sec/SPI
A0A6G7T7A4|1of1,A0A6G7T7A4,clade2,II,SP,Sec/SPI
A0A087K7V2|1of1,A0A087K7V2,clade2,II,SP,Sec/SPI
MBJ13210.1,MBJ13210.1,clade3,III,SP,Sec/SPI
MBH09063.1,MBH09063.1,clade3,III,SP,Sec/SPI
MDP6401150.1,MDP6401150.1,clade3,III,OTHER,No signal peptide
MEC7848512.1,MEC7848512.1,clade3,III,OTHER,No signal peptide
MBT7042883.1,MBT7042883.1,clade3,III,SP,Sec/SPI
MDP6168410.1,MDP6168410.1,clade3,III,SP,Sec/SPI
A0A2E5W4C4|1of1,A0A2E5W4C4,clade3,III,SP,Sec/SPI
WP_030004552.1,WP_030004552.1,clade3,III,LIPO,Sec/SPII
A0A933XAG6|1of1,A0A933XAG6,clade3,III,OTHER,No signal peptide
A0A1G1BBJ5|1of1,A0A1G1BBJ5,clade3,III,SP,Sec/SPI
A0A6B3UU21|1of1,A0A6B3UU21,clade3,III,LIPO,Sec/SPII
A0A418WJK4|1of1,A0A418WJK4,clade3,III,LIPO,Sec/SPII
A0A9E9GLD5|1of1,A0A9E9GLD5,clade3,III,LIPO,Sec/SPII
A0A0H4WZF4|1of1,A0A0H4WZF4,clade3,III,LIPO,Sec/SPII
H8MUM6|1of1|ref,H8MUM6,clade3,III,LIPO,Sec/SPII
A0A3A8HAY2|1of1,A0A3A8HAY2,clade3,III,SP,Sec/SPI
A0A5B3GMD1|1of1,A0A5B3GMD1,clade3,III,SP,Sec/SPI
A0A285ZQD3|1of1,A0A285ZQD3,clade3,III,SP,Sec/SPI
A0A1H4IP28|1of1,A0A1H4IP28,clade3,III,SP,Sec/SPI
A0A7H8PJW8|1of1|ref,A0A7H8PJW8,clade3,III,SP,Sec/SPI
A0A101TWC9|1of1,A0A101TWC9,clade3,III,OTHER,No signal peptide
L8P1E0|1of1,L8P1E0,clade3,III,OTHER,No signal peptide
WP_010362314.1,WP_010362314.1,clade3,III,SP,Sec/SPI
WP_192506690.1,WP_192506690.1,clade3,III,SP,Sec/SPI
WP_211048358.1,WP_211048358.1,clade3,III,SP,Sec/SPI
WP_039608956.1,WP_039608956.1,clade3,III,SP,Sec/SPI
A0A8T0C5U0|1of1,A0A8T0C5U0,clade3,III,SP,Sec/SPI
A7UG63|1of1,A7UG63,clade3,III,SP,Sec/SPI
MBQ5463208.1,MBQ5463208.1,clade3,III,SP,Sec/SPI
A0A9D5TAX3|1of1,A0A9D5TAX3,clade3,III,OTHER,No signal peptide
R7AQK3|1of1,R7AQK3,clade3,III,LIPO,Sec/SPII
A0A372Z340|1of1,A0A372Z340,clade3,III,SP,Sec/SPI
A0AAW4ZHY1|1of1,A0AAW4ZHY1,clade3,III,LIPO,Sec/SPII
A0A7G7FXP3|1of1,A0A7G7FXP3,clade3,III,OTHER,No signal peptide
A0A852T998|1of1,A0A852T998,clade3,III,OTHER,No signal peptide
A0A2C1ZFA0|1of1,A0A2C1ZFA0,clade3,III,OTHER,No signal peptide
WP_074435136.1,WP_074435136.1,clade3,III,LIPO,Sec/SPII
WP_369897372.1,WP_369897372.1,clade3,III,LIPO,Sec/SPII
MDD3968290.1,MDD3968290.1,clade3,III,LIPO,Sec/SPII
A0A174TMX2|1of1,A0A174TMX2,clade3,III,LIPO,Sec/SPII
A0A0W1D8A6|1of1,A0A0W1D8A6,clade3,III,OTHER,No signal peptide
A0A1U9NAP8|1of1,A0A1U9NAP8,clade3,III,SP,Sec/SPI
A0A7K1WUT6|1of1,A0A7K1WUT6,clade3,III,SP,Sec/SPI
A0A1T5CDZ6|1of1,A0A1T5CDZ6,clade3,III,LIPO,Sec/SPII
A0A9X2JGC5|1of1,A0A9X2JGC5,clade3,III,LIPO,Sec/SPII
A0A959AUA3|1of1,A0A959AUA3,clade3,III,OTHER,No signal peptide
A0A9E2DPG2|1of1,A0A9E2DPG2,clade3,III,LIPO,Sec/SPII
A0A2G6T9Q5|1of1,A0A2G6T9Q5,clade3,III,LIPO,Sec/SPII
A0A2R7KXX1|1of1,A0A2R7KXX1,clade3,III,LIPO,Sec/SPII
A0A0Q4L6N0|1of1,A0A0Q4L6N0,clade3,III,LIPO,Sec/SPII
A0A0T5VV30|1of1,A0A0T5VV30,clade3,III,LIPO,Sec/SPII
A0A1Y2RHE5|1of1|ref,A0A1Y2RHE5,clade3,III,LIPO,Sec/SPII
A0A935F9Z6|1of1,A0A935F9Z6,clade3,III,LIPO,Sec/SPII
A0A948RGI6|1of1,A0A948RGI6,clade3,III,LIPO,Sec/SPII
A0AA51DDB3|1of1,A0AA51DDB3,clade3,III,SP,Sec/SPI
A0A7U4E602|1of1,A0A7U4E602,clade3,III,SP,Sec/SPI
A0A3P3UBD0|1of1,A0A3P3UBD0,clade3,III,SP,Sec/SPI
A0A5S3QRP5|1of1,A0A5S3QRP5,clade3,III,SP,Sec/SPI
A0A936ZUA5|2of3,A0A936ZUA5,clade3,III,SP,Sec/SPI
A0A2M9BAE7|1of1,A0A2M9BAE7,clade3,III,SP,Sec/SPI
A0AAU0REM6|1of1,A0AAU0REM6,clade3,III,SP,Sec/SPI
A0A841BMP2|1of1,A0A841BMP2,clade3,III,SP,Sec/SPI
A0A4R4Q2S2|1of1,A0A4R4Q2S2,clade3,III,SP,Sec/SPI
A0A5C4QWQ9|1of1,A0A5C4QWQ9,clade3,III,SP,Sec/SPI
A0A3A8RTQ0|1of1,A0A3A8RTQ0,clade3,III,LIPO,Sec/SPII
WP_305038994.1,WP_305038994.1,clade3,III,SP,Sec/SPI
WP_254089138.1,WP_254089138.1,clade3,III,SP,Sec/SPI
WP_321567288.1,WP_321567288.1,clade3,III,SP,Sec/SPI
WP_298738746.1,WP_298738746.1,clade3,III,SP,Sec/SPI
A0A1H7PJC8|1of1,A0A1H7PJC8,clade3,III,SP,Sec/SPI
WP_435007574.1,WP_435007574.1,clade3,III,SP,Sec/SPI
MDB6039603.1,MDB6039603.1,clade3,III,SP,Sec/SPI
WP_406695887.1,WP_406695887.1,clade3,III,TAT,Tat/SPI
L0DD69|1of1,L0DD69,clade3,III,SP,Sec/SPI
A0A916NFA3|1of1,A0A916NFA3,clade3,III,SP,Sec/SPI
A0A1Y6KW18|1of1|ref,A0A1Y6KW18,clade3,III,SP,Sec/SPI
A0A1Y6MCM0|1of1,A0A1Y6MCM0,clade3,III,SP,Sec/SPI
A0A1H7I491|1of2,A0A1H7I491,clade3,III,SP,Sec/SPI
A0A023BW51|1of1,A0A023BW51,clade3,III,SP,Sec/SPI
A0A9E7CTU1|1of3,A0A9E7CTU1,clade3,III,SP,Sec/SPI
A0A1H7L5A6|1of3,A0A1H7L5A6,clade3,III,SP,Sec/SPI
A0A482Y1Q5|1of1,A0A482Y1Q5,clade3,III,TAT,Tat/SPI
WP_436934250.1,WP_436934250.1,clade3,III,TAT,Tat/SPI
A0A4P9THL2|1of1,A0A4P9THL2,clade3,III,TAT,Tat/SPI
WP_124192291.1,WP_124192291.1,clade3,III,TAT,Tat/SPI
WP_124192299.1,WP_124192299.1,clade3,III,TAT,Tat/SPI
WP_090620177.1,WP_090620177.1,clade3,III,TAT,Tat/SPI
WP_049923512.1,WP_049923512.1,clade3,III,TAT,Tat/SPI
WP_411961322.1,WP_411961322.1,clade3,III,SP,Sec/SPI
WP_395167549.1,WP_395167549.1,clade3,III,SP,Sec/SPI
A0AAD3ASI3|1of1,A0AAD3ASI3,clade3,III,SP,Sec/SPI
TXI99275.1,TXI99275.1,clade3,III,LIPO,Sec/SPII
MBX9596963.1,MBX9596963.1,clade3,III,OTHER,No signal peptide
WP_102950618.1,WP_102950618.1,clade3,III,LIPO,Sec/SPII
MDD3267454.1,MDD3267454.1,clade3,III,OTHER,No signal peptide
A0A076HB65|1of1,A0A076HB65,clade3,III,OTHER,No signal peptide
A0A358CUN6|1of1,A0A358CUN6,clade3,III,OTHER,No signal peptide
H3SDP8|1of2,H3SDP8,clade3,III,SP,Sec/SPI
A0A7U7YJI0|1of1,A0A7U7YJI0,clade3,III,SP,Sec/SPI
A0A4Y3JPW4|1of1,A0A4Y3JPW4,clade3,III,SP,Sec/SPI
A0A0C1Z1S8|1of1,A0A0C1Z1S8,clade3,III,SP,Sec/SPI
A0A1T4ML36|1of1,A0A1T4ML36,clade3,III,SP,Sec/SPI
A0A1H6C142|1of1,A0A1H6C142,clade3,III,SP,Sec/SPI
A0A7Y4E9T7|1of1,A0A7Y4E9T7,clade3,III,SP,Sec/SPI
B6A879|1of1|ref,B6A879,clade3,III,OTHER,No signal peptide
F6KTD4|1of1,F6KTD4,clade3,III,OTHER,No signal peptide
B6A876|1of1|ref,B6A876,clade3,III,OTHER,No signal peptide
A0A329WIZ9|1of1,A0A329WIZ9,clade3,III,OTHER,No signal peptide
A0A5E4W3K7|1of1,A0A5E4W3K7,clade3,III,OTHER,No signal peptide
A0A2S8Q281|1of1,A0A2S8Q281,clade3,III,OTHER,No signal peptide
A0A447PN04|1of1,A0A447PN04,clade3,III,OTHER,No signal peptide
A0A376E139|1of1|ref,A0A376E139,clade3,III,OTHER,No signal peptide
A0A0U3MSZ2|1of1,A0A0U3MSZ2,clade3,III,SP,Sec/SPI
A0A5C6Z7S2|1of1,A0A5C6Z7S2,clade3,III,SP,Sec/SPI
F7NXL7|1of1,F7NXL7,clade3,III,SP,Sec/SPI
A0A1H4FLX1|1of1,A0A1H4FLX1,clade3,III,SP,Sec/SPI
A0A8B2SDI3|1of1,A0A8B2SDI3,clade3,III,SP,Sec/SPI
P07254|1of1|ref,P07254,clade3,III,SP,Sec/SPI
A0AAW6X8C9|1of1,A0AAW6X8C9,clade3,III,SP,Sec/SPI
A0A1S6HQG7|1of1,A0A1S6HQG7,clade3,III,SP,Sec/SPI
A3D751|1of1,A3D751,clade3,III,SP,Sec/SPI
A0A6S4T560|1of1,A0A6S4T560,clade3,III,OTHER,No signal peptide
A0A8E2NA29|1of1,A0A8E2NA29,clade3,III,SP,Sec/SPI
A0A8E1YAV4|1of1|ref,A0A8E1YAV4,clade3,III,SP,Sec/SPI
A0AAV3EUB7|1of1,A0AAV3EUB7,clade3,III,SP,Sec/SPI
A0A9Q8XKS6|1of1,A0A9Q8XKS6,clade3,III,SP,Sec/SPI
A0A1T4NNU6|1of1,A0A1T4NNU6,clade3,III,SP,Sec/SPI
P32823|1of1|ref,P32823,clade3,III,SP,Sec/SPI
A0A0N1ES29|1of1,A0A0N1ES29,clade3,III,SP,Sec/SPI
A0A2N5EE67|1of1,A0A2N5EE67,clade3,III,SP,Sec/SPI
A7GH50|1of1,A7GH50,clade3,III,SP,Sec/SPI
A0A1C8FNW5|1of1,A0A1C8FNW5,clade3,III,OTHER,No signal peptide
A0A5B0WQJ0|1of1,A0A5B0WQJ0,clade3,III,SP,Sec/SPI
A0A6B4FZF7|1of1,A0A6B4FZF7,clade3,III,SP,Sec/SPI
A0A0M0F1X2|1of1,A0A0M0F1X2,clade3,III,SP,Sec/SPI
A0A1E4X7Z0|1of1,A0A1E4X7Z0,clade3,III,SP,Sec/SPI
A0A1S2KLC1|1of1,A0A1S2KLC1,clade3,III,SP,Sec/SPI
A0A1S6F5A2|1of1,A0A1S6F5A2,clade3,III,LIPO,Sec/SPII
A0A919GGB7|1of1,A0A919GGB7,clade3,III,OTHER,No signal peptide
A0AAU2HDY7|1of1,A0AAU2HDY7,clade3,III,SP,Sec/SPI
A0A5P9J2I8|1of1,A0A5P9J2I8,clade3,III,SP,Sec/SPI
A0A7Y4B1G5|1of1,A0A7Y4B1G5,clade3,III,SP,Sec/SPI
P96156|1of1|ref,P96156,clade3,III,SP,Sec/SPI
B7VRF8|1of1|ref,B7VRF8,clade3,III,SP,Sec/SPI
A0A7Y9NP26|1of1,A0A7Y9NP26,clade3,III,OTHER,No signal peptide
A0A0Q9ZG59|1of1,A0A0Q9ZG59,clade3,III,LIPO,Sec/SPII
A0A327NQ76|1of1,A0A327NQ76,clade3,III,SP,Sec/SPI
A0A7W2M5S0|1of1,A0A7W2M5S0,clade3,III,LIPO,Sec/SPII
A0A8J7IGC4|1of1,A0A8J7IGC4,clade3,III,LIPO,Sec/SPII
A0A418PR50|1of1,A0A418PR50,clade3,III,LIPO,Sec/SPII
A0A1G6XEK3|1of1,A0A1G6XEK3,clade3,III,SP,Sec/SPI
W6TQG6|1of1,W6TQG6,clade3,III,SP,Sec/SPI
A0AAJ2GC06|1of1,A0AAJ2GC06,clade3,III,LIPO,Sec/SPII
A0A4U1CKV9|1of1,A0A4U1CKV9,clade3,III,OTHER,No signal peptide
A0A7K1Y1A0|1of1,A0A7K1Y1A0,clade3,III,SP,Sec/SPI
A0A373GR53|1of1,A0A373GR53,clade3,III,OTHER,No signal peptide
A0A7Z7CFK5|1of1,A0A7Z7CFK5,clade3,III,OTHER,No signal peptide
A0A2W6VTG7|1of1,A0A2W6VTG7,clade3,III,OTHER,No signal peptide
A0A328P774|1of1,A0A328P774,clade3,III,OTHER,No signal peptide
A0A1V3Q2P4|1of1,A0A1V3Q2P4,clade3,III,OTHER,No signal peptide
A0A522JKQ4|1of1,A0A522JKQ4,clade3,III,OTHER,No signal peptide
A0A1R1AZ10|1of1,A0A1R1AZ10,clade3,III,OTHER,No signal peptide
A0A841MM08|1of1,A0A841MM08,clade3,III,LIPO,Sec/SPII
A0A5C8V8Z4|1of1,A0A5C8V8Z4,clade3,III,OTHER,No signal peptide
A0A9E2ARS3|1of1,A0A9E2ARS3,clade3,III,OTHER,No signal peptide
A0A2G6TAK0|1of1|ref,A0A2G6TAK0,clade3,III,SP,Sec/SPI
A0A1J7BM16|1of1,A0A1J7BM16,clade3,III,SP,Sec/SPI
A0A1X9Z834|1of1,A0A1X9Z834,clade3,III,SP,Sec/SPI
A0A1V9ETC2|1of1,A0A1V9ETC2,clade3,III,SP,Sec/SPI
A0A0H3N1L0|1of1,A0A0H3N1L0,clade3,III,OTHER,No signal peptide
A0AAP8PI92|1of1,A0AAP8PI92,clade3,III,SP,Sec/SPI
A0A855LX82|1of1|ref,A0A855LX82,clade3,III,SP,Sec/SPI
A0A6G9RLS8|1of1,A0A6G9RLS8,clade3,III,SP,Sec/SPI
A0A1Q4G719|1of1,A0A1Q4G719,clade3,III,SP,Sec/SPI
A0A4R0NAE8|1of1,A0A4R0NAE8,clade3,III,SP,Sec/SPI
A0A414LGH4|1of1,A0A414LGH4,clade3,III,SP,Sec/SPI
A0A3A5PE58|1of1,A0A3A5PE58,clade3,III,LIPO,Sec/SPII
A0A069SEV1|1of1,A0A069SEV1,clade3,III,LIPO,Sec/SPII
A0A374PZE8|1of1,A0A374PZE8,clade3,III,LIPO,Sec/SPII
A0A2N2ZE41|1of1,A0A2N2ZE41,clade3,III,LIPO,Sec/SPII
A0AAJ1UDJ7|1of1,A0AAJ1UDJ7,clade3,III,SP,Sec/SPI
A0A850BBL3|1of1,A0A850BBL3,clade3,III,LIPO,Sec/SPII
MBM3994241.1,MBM3994241.1,clade3,III,SP,Sec/SPI
WP_399673817.1,WP_399673817.1,clade3,III,OTHER,No signal peptide
P11797|1of1|ref,P11797,clade3,III,OTHER,No signal peptide
BHD98228.1,BHD98228.1,clade3,III,OTHER,No signal peptide
A0AA45BLA1|1of1,A0AA45BLA1,clade3,III,OTHER,No signal peptide
A5FB63|1of2|ref,A5FB63,clade3,III,SP,Sec/SPI
A0A268JUH0|1of1,A0A268JUH0,clade3,III,SP,Sec/SPI
A0A1C5PF82|1of1,A0A1C5PF82,clade3,III,OTHER,No signal peptide
A0A3E2NGH4|1of1,A0A3E2NGH4,clade3,III,LIPO,Sec/SPII
A0A4R3MRT0|1of1,A0A4R3MRT0,clade3,III,OTHER,No signal peptide
W0T116|1of1,W0T116,clade3,III,SP,Sec/SPI
A0A5C5AND6|1of1,A0A5C5AND6,clade3,III,SP,Sec/SPI
A0AA45MQ70|1of1,A0AA45MQ70,clade3,III,SP,Sec/SPI
A0A4Y9SY11|1of1,A0A4Y9SY11,clade3,III,SP,Sec/SPI
A0A1M7R1R9|1of1,A0A1M7R1R9,clade3,III,SP,Sec/SPI
A0A2A5IZK2|1of1,A0A2A5IZK2,clade3,III,SP,Sec/SPI
A0A385THE8|1of1|ref,A0A385THE8,clade3,III,SP,Sec/SPI
A0A1Q5XV66|1of1,A0A1Q5XV66,clade3,III,SP,Sec/SPI
P20533|1of1|ref,P20533,clade3,III,SP,Sec/SPI
A0A358GLS8|1of1,A0A358GLS8,clade3,III,SP,Sec/SPI
A0A9E9GW27|1of1,A0A9E9GW27,clade3,III,LIPO,Sec/SPII
A0A4Q0SYJ7|1of1,A0A4Q0SYJ7,clade3,III,SP,Sec/SPI
WP_089841095.1,WP_089841095.1,clade3,III,SP,Sec/SPI
WP_213807414.1,WP_213807414.1,clade3,III,SP,Sec/SPI
HEV2273783.1,HEV2273783.1,clade3,III,SP,Sec/SPI
HUA93475.1,HUA93475.1,clade3,III,SP,Sec/SPI
HEY1897407.1,HEY1897407.1,clade3,III,SP,Sec/SPI
HEX4757947.1,HEX4757947.1,clade3,III,SP,Sec/SPI
HZL50345.1,HZL50345.1,clade3,III,SP,Sec/SPI
HEY7173715.1,HEY7173715.1,clade3,III,SP,Sec/SPI
WP_123370885.1,WP_123370885.1,clade3,III,SP,Sec/SPI
WP_184836984.1,WP_184836984.1,clade3,III,SP,Sec/SPI
WP_281303398.1,WP_281303398.1,clade3,III,SP,Sec/SPI
A0A810NHP7|1of1,A0A810NHP7,clade3,III,SP,Sec/SPI
A0AAU1PMH4|1of1,A0AAU1PMH4,clade3,III,SP,Sec/SPI
A0A0D0NRC8|1of1,A0A0D0NRC8,clade3,III,SP,Sec/SPI
A0A9X2NN61|1of1,A0A9X2NN61,clade3,III,SP,Sec/SPI
A0AAU4MGR9|1of1,A0AAU4MGR9,clade3,III,SP,Sec/SPI
A0A4R0IBU7|1of1,A0A4R0IBU7,clade3,III,SP,Sec/SPI
A0A3N1V3Z4|1of1,A0A3N1V3Z4,clade3,III,SP,Sec/SPI
A0AAU1PCF8|1of1,A0AAU1PCF8,clade3,III,SP,Sec/SPI
A0A973Q7Z4|1of1,A0A973Q7Z4,clade3,III,SP,Sec/SPI
A0A516ND42|1of1,A0A516ND42,clade3,III,SP,Sec/SPI
A0A6M5UGJ4|1of1,A0A6M5UGJ4,clade3,III,SP,Sec/SPI
A0A4Y8QY67|1of1,A0A4Y8QY67,clade3,III,SP,Sec/SPI
A0A7W8B848|1of1,A0A7W8B848,clade3,III,SP,Sec/SPI
A0A5M3Y0P1|1of1,A0A5M3Y0P1,clade3,III,SP,Sec/SPI
A0A8J3RIB1|1of1|ref,A0A8J3RIB1,clade3,III,SP,Sec/SPI
A0A8J3WG23|1of1,A0A8J3WG23,clade3,III,SP,Sec/SPI
A0A6B2SXG8|1of1,A0A6B2SXG8,clade3,III,SP,Sec/SPI
A0A3Q8VTD7|1of1,A0A3Q8VTD7,clade3,III,SP,Sec/SPI
A0A6I5HRV3|1of1,A0A6I5HRV3,clade3,III,SP,Sec/SPI
A0A7Y9XDR8|1of1,A0A7Y9XDR8,clade3,III,SP,Sec/SPI
A0A438LXD4|1of1,A0A438LXD4,clade3,III,SP,Sec/SPI
A0A8G1XC51|1of1,A0A8G1XC51,clade3,III,SP,Sec/SPI
A0A1V3C8Z9|1of1,A0A1V3C8Z9,clade3,III,OTHER,No signal peptide
A0A9P2WRF8|1of1,A0A9P2WRF8,clade3,III,OTHER,No signal peptide
A0A8J3CGZ7|1of1,A0A8J3CGZ7,clade3,III,SP,Sec/SPI
A0A1H6ECJ6|1of1,A0A1H6ECJ6,clade3,III,SP,Sec/SPI
A0A4R6JK13|1of1,A0A4R6JK13,clade3,III,SP,Sec/SPI
A0AAU5ZPB8|1of1,A0AAU5ZPB8,clade3,III,SP,Sec/SPI
A0A7W7M777|1of1,A0A7W7M777,clade3,III,SP,Sec/SPI
A0A1C5I9Q0|1of1,A0A1C5I9Q0,clade3,III,SP,Sec/SPI
A0A1Q5JES7|1of1,A0A1Q5JES7,clade3,III,SP,Sec/SPI
A0AAU4N182|1of1,A0AAU4N182,clade3,III,TAT,Tat/SPI
A0AAU1S435|1of1,A0AAU1S435,clade3,III,SP,Sec/SPI
Q7NQA0|1of1,Q7NQA0,clade3,III,SP,Sec/SPI
A0A105L0Y0|1of1,A0A105L0Y0,clade3,III,SP,Sec/SPI
F8WSU4|1of1,F8WSU4,clade3,III,OTHER,No signal peptide
A0A843S9I4|1of1,A0A843S9I4,clade3,III,LIPO,Sec/SPII
A0A3G2EDD2|1of1,A0A3G2EDD2,clade3,III,LIPO,Sec/SPII
WP_082190088.1,WP_082190088.1,clade3,III,SP,Sec/SPI
WP_223696913.1,WP_223696913.1,clade3,III,SP,Sec/SPI
WP_343231996.1,WP_343231996.1,clade3,III,SP,Sec/SPI
WP_319004011.1,WP_319004011.1,clade3,III,SP,Sec/SPI
MGE8287056.1,MGE8287056.1,clade3,III,OTHER,No signal peptide
WP_308154708.1,WP_308154708.1,clade3,III,SP,Sec/SPI
A0A0R0B9V6|1of1|ref,A0A0R0B9V6,clade3,III,SP,Sec/SPI
A0A6B8HBS4|1of1,A0A6B8HBS4,clade3,III,SP,Sec/SPI
WP_307872838.1,WP_307872838.1,clade3,III,LIPO,Sec/SPII
WP_015618756.1,WP_015618756.1,clade3,III,LIPO,Sec/SPII
GAA3351098.1,GAA3351098.1,clade3,III,LIPO,Sec/SPII
WP_360222781.1,WP_360222781.1,clade3,III,LIPO,Sec/SPII
U5VTA4|1of1,U5VTA4,clade3,III,LIPO,Sec/SPII
A0AAU1MXJ1|1of1,A0AAU1MXJ1,clade3,III,SP,Sec/SPI
A0A1H4T8R8|1of1,A0A1H4T8R8,clade3,III,SP,Sec/SPI
A0AAU1BFG7|1of1,A0AAU1BFG7,clade3,III,SP,Sec/SPI
A0A6B1KUU1|1of1,A0A6B1KUU1,clade3,III,SP,Sec/SPI
S2YS56|1of1,S2YS56,clade3,III,SP,Sec/SPI
A0A7R8ND26|1of1,A0A7R8ND26,clade3,III,SP,Sec/SPI
A0A429UIK5|1of1|ref,A0A429UIK5,clade3,III,SP,Sec/SPI
A0A6B2SRW7|1of1,A0A6B2SRW7,clade3,III,SP,Sec/SPI
P11220|1of1|ref,P11220,clade3,III,SP,Sec/SPI
P36909|1of1|ref,P36909,clade3,III,SP,Sec/SPI
A0A6G3TQQ8|1of1,A0A6G3TQQ8,clade3,III,SP,Sec/SPI
A0A8J3S1I0|1of1,A0A8J3S1I0,clade3,III,SP,Sec/SPI
A0A9X2GTD2|1of1,A0A9X2GTD2,clade3,III,SP,Sec/SPI
A0A4R4NZN4|1of1,A0A4R4NZN4,clade3,III,SP,Sec/SPI
A0A7H8HSI2|1of1,A0A7H8HSI2,clade3,III,SP,Sec/SPI
A0A428XXW0|1of1,A0A428XXW0,clade3,III,SP,Sec/SPI
A0A497ZQZ0|1of1,A0A497ZQZ0,clade3,III,SP,Sec/SPI
A0A1W5XXB1|1of1,A0A1W5XXB1,clade3,III,SP,Sec/SPI
A0A499UR72|1of1,A0A499UR72,clade3,III,SP,Sec/SPI
A0AB33KVJ4|1of1,A0AB33KVJ4,clade3,III,SP,Sec/SPI
A0A6I7XVS9|1of1,A0A6I7XVS9,clade3,III,SP,Sec/SPI
A0A5P2C4B0|1of1,A0A5P2C4B0,clade3,III,SP,Sec/SPI
A0AAJ2PTR0|1of1,A0AAJ2PTR0,clade3,III,SP,Sec/SPI
A0A0N1H9U3|1of1,A0A0N1H9U3,clade3,III,SP,Sec/SPI
A0A7W9WGW0|1of1,A0A7W9WGW0,clade3,III,SP,Sec/SPI
A0A7U9DNZ8|1of1,A0A7U9DNZ8,clade3,III,SP,Sec/SPI
A0A0S2NWA5|1of1,A0A0S2NWA5,clade3,III,TAT,Tat/SPI
A0A2P8G0T5|1of1,A0A2P8G0T5,clade4,IV,SP,Sec/SPI
A0A955LC15|1of1,A0A955LC15,clade4,IV,OTHER,No signal peptide
A0A966KUM6|1of1,A0A966KUM6,clade4,IV,SP,Sec/SPI
A0A1F7JRD4|1of1,A0A1F7JRD4,clade4,IV,OTHER,No signal peptide
A0A1G1VQY3|1of1,A0A1G1VQY3,clade4,IV,OTHER,No signal peptide
A0A9E6K225|1of1,A0A9E6K225,clade4,IV,OTHER,No signal peptide
A0A0G1KPH3|1of1,A0A0G1KPH3,clade4,IV,OTHER,No signal peptide
A0A0G1L6T4|1of1,A0A0G1L6T4,clade4,IV,OTHER,No signal peptide
A0A0G0VMH8|1of1,A0A0G0VMH8,clade4,IV,OTHER,No signal peptide
K2D038|1of1,K2D038,clade4,IV,OTHER,No signal peptide
A0A8T3QE26|1of1,A0A8T3QE26,clade4,IV,OTHER,No signal peptide
A0A536LFQ0|1of1,A0A536LFQ0,clade4,IV,OTHER,No signal peptide
A0A536GMW5|1of1,A0A536GMW5,clade4,IV,OTHER,No signal peptide
A0A536E7L0|1of1,A0A536E7L0,clade4,IV,SP,Sec/SPI
A0A535MLJ7|1of1,A0A535MLJ7,clade4,IV,SP,Sec/SPI
A0A1F8RW44|1of1,A0A1F8RW44,clade4,IV,SP,Sec/SPI
A0A7V1EHM8|1of1,A0A7V1EHM8,clade4,IV,OTHER,No signal peptide
A0A836W572|1of1,A0A836W572,clade4,IV,SP,Sec/SPI
A0A7V4U1X6|1of1,A0A7V4U1X6,clade4,IV,SP,Sec/SPI
A0A497ZJ07|1of1,A0A497ZJ07,clade4,IV,LIPO,Sec/SPII
A0A973IP91|1of1,A0A973IP91,clade4,IV,SP,Sec/SPI
A0A3M1JRT8|1of1,A0A3M1JRT8,clade4,IV,SP,Sec/SPI
A0A2E4AII5|1of1,A0A2E4AII5,clade4,IV,SP,Sec/SPI
A0A2E8GXT4|1of1,A0A2E8GXT4,clade4,IV,OTHER,No signal peptide
A0A7C7CYW5|1of1,A0A7C7CYW5,clade4,IV,OTHER,No signal peptide
A0A946EXM6|1of1,A0A946EXM6,clade4,IV,SP,Sec/SPI
A0A1Z9NED1|1of1,A0A1Z9NED1,clade4,IV,SP,Sec/SPI
A0A7Z9UHT8|1of1,A0A7Z9UHT8,clade4,IV,SP,Sec/SPI
A0A3B8HUQ9|1of1,A0A3B8HUQ9,clade5,V,OTHER,No signal peptide
MDD2586588.1,MDD2586588.1,clade5,V,SP,Sec/SPI
MGI5912287.1,MGI5912287.1,clade5,V,SP,Sec/SPI
MDD2373018.1,MDD2373018.1,clade5,V,OTHER,No signal peptide
A0A356UCN0|1of1,A0A356UCN0,clade5,V,SP,Sec/SPI
M6VG29|1of1,M6VG29,clade5,V,SP,Sec/SPI
M6KKZ7|1of1,M6KKZ7,clade5,V,OTHER,No signal peptide
A0A939UAG0|1of1,A0A939UAG0,clade5,V,OTHER,No signal peptide
HBG66719.1,HBG66719.1,clade5,V,OTHER,No signal peptide
MBQ5492153.1,MBQ5492153.1,clade5,V,SP,Sec/SPI
A0A3C1SGT6|1of1,A0A3C1SGT6,clade5,V,SP,Sec/SPI
WP_122015810.1,WP_122015810.1,clade5,V,SP,Sec/SPI
MFY9312568.1,MFY9312568.1,clade5,V,SP,Sec/SPI
MDD4569867.1,MDD4569867.1,clade5,V,SP,Sec/SPI
A0A7V6TAJ9|1of1,A0A7V6TAJ9,clade5,V,SP,Sec/SPI
A0AAC9RN13|1of1,A0AAC9RN13,clade5,V,SP,Sec/SPI
A0A1I0DNM9|1of1,A0A1I0DNM9,clade5,V,SP,Sec/SPI
A0A972HU04|1of1,A0A972HU04,clade5,V,OTHER,No signal peptide
WP_186566863.1,WP_186566863.1,clade5,V,SP,Sec/SPI
WP_204886052.1,WP_204886052.1,clade5,V,SP,Sec/SPI
WP_087334963.1,WP_087334963.1,clade5,V,SP,Sec/SPI
A0A1Y4UJP4|1of1,A0A1Y4UJP4,clade5,V,SP,Sec/SPI
E0IA81|1of1,E0IA81,clade5,V,SP,Sec/SPI
A0A3A6PGU0|1of1,A0A3A6PGU0,clade5,V,SP,Sec/SPI
D7CMI6|1of1,D7CMI6,clade5,V,SP,Sec/SPI
D3E5B5|1of1,D3E5B5,clade5,V,SP,Sec/SPI
A0A7Z7CEU3|1of1|ref,A0A7Z7CEU3,clade5,V,SP,Sec/SPI
A0A7H0YA09|1of1,A0A7H0YA09,clade5,V,SP,Sec/SPI
A0A132UC03|1of1,A0A132UC03,clade5,V,SP,Sec/SPI
A0A7X3IFJ0|1of1,A0A7X3IFJ0,clade5,V,SP,Sec/SPI
A0AA92NY69|1of1,A0AA92NY69,clade5,V,OTHER,No signal peptide
A0A2P7VDD4|1of1,A0A2P7VDD4,clade5,V,OTHER,No signal peptide
A0A934I0Z4|1of1,A0A934I0Z4,clade5,V,OTHER,No signal peptide
A0A0P7JLN6|1of1,A0A0P7JLN6,clade5,V,LIPO,Sec/SPII
A0AAJ5RH84|1of1,A0AAJ5RH84,clade5,V,LIPO,Sec/SPII
WP_182543680.1,WP_182543680.1,clade5,V,OTHER,No signal peptide
WP_243788240.1,WP_243788240.1,clade5,V,OTHER,No signal peptide
WP_188987748.1,WP_188987748.1,clade5,V,OTHER,No signal peptide
WP_363815341.1,WP_363815341.1,clade5,V,OTHER,No signal peptide
A0A6H1RH49|1of1,A0A6H1RH49,clade5,V,OTHER,No signal peptide
MEX0616409.1,MEX0616409.1,clade5,V,OTHER,No signal peptide
HEX7456640.1,HEX7456640.1,clade5,V,OTHER,No signal peptide
A0A1G1WAZ5|1of1,A0A1G1WAZ5,clade5,V,OTHER,No signal peptide
WP_075364257.1,WP_075364257.1,clade5,V,OTHER,No signal peptide
NMA69000.1,NMA69000.1,clade5,V,OTHER,No signal peptide
WP_014795773.1,WP_014795773.1,clade5,V,OTHER,No signal peptide
B8FYW8|1of1,B8FYW8,clade5,V,OTHER,No signal peptide
A0A956UHL3|1of1,A0A956UHL3,clade5,V,OTHER,No signal peptide
HRV94797.1,HRV94797.1,clade5,V,OTHER,No signal peptide
MBN1995015.1,MBN1995015.1,clade5,V,OTHER,No signal peptide
MBI1880048.1,MBI1880048.1,clade5,V,OTHER,No signal peptide
A0A969H998|1of1,A0A969H998,clade5,V,OTHER,No signal peptide
A0A955GY46|1of1,A0A955GY46,clade5,V,SP,Sec/SPI
A0A0G1BA96|1of1,A0A0G1BA96,clade5,V,SP,Sec/SPI
A0A1G2S8K3|1of1,A0A1G2S8K3,clade5,V,SP,Sec/SPI
A0A1F6E986|1of1,A0A1F6E986,clade5,V,SP,Sec/SPI
A0A1F6ECB0|1of1,A0A1F6ECB0,clade5,V,OTHER,No signal peptide
A0A1C6PNM4|1of1,A0A1C6PNM4,clade5,V,SP,Sec/SPI
A0A2S6PHS4|1of1,A0A2S6PHS4,clade5,V,SP,Sec/SPI
A0A7Y1ZW31|1of1,A0A7Y1ZW31,clade5,V,OTHER,No signal peptide
A0A353FZQ3|1of1,A0A353FZQ3,clade5,V,SP,Sec/SPI
A0A7D6IGA3|1of1,A0A7D6IGA3,clade5,V,SP,Sec/SPI
A0A6L6EJJ9|1of1,A0A6L6EJJ9,clade5,V,SP,Sec/SPI
B8G8N7|1of1,B8G8N7,clade5,V,OTHER,No signal peptide
E1IBD4|1of1,E1IBD4,clade5,V,OTHER,No signal peptide
A0A7Y2SLE4|1of1,A0A7Y2SLE4,clade5,V,OTHER,No signal peptide
A0A0E2B0A1|1of1,A0A0E2B0A1,clade5,V,OTHER,No signal peptide
A0A5F2DN28|1of1,A0A5F2DN28,clade5,V,OTHER,No signal peptide
A0A4Z1AH30|1of1|ref,A0A4Z1AH30,clade5,V,LIPO,Sec/SPII
A0A0M4N8B0|1of1,A0A0M4N8B0,clade5,V,OTHER,No signal peptide
MCX7622719.1,MCX7622719.1,clade5,V,SP,Sec/SPI
GBD16902.1,GBD16902.1,clade5,V,SP,Sec/SPI
A0A7C3AS45|1of1,A0A7C3AS45,clade5,V,SP,Sec/SPI
T0I4V4|1of1,T0I4V4,clade5,V,SP,Sec/SPI
MGI6120122.1,MGI6120122.1,clade5,V,OTHER,No signal peptide
WP_014187495.1,WP_014187495.1,clade5,V,SP,Sec/SPI
WP_014829255.1,WP_014829255.1,clade5,V,SP,Sec/SPI
HWQ41931.1,HWQ41931.1,clade5,V,SP,Sec/SPI
G2FQW6|1of1,G2FQW6,clade5,V,SP,Sec/SPI
A0A099SBU9|1of1,A0A099SBU9,clade5,V,OTHER,No signal peptide
A0A2C2V0L8|1of1,A0A2C2V0L8,clade5,V,LIPO,Sec/SPII
A0A4S4BX19|1of1,A0A4S4BX19,clade5,V,OTHER,No signal peptide
Q5KY74|1of1,Q5KY74,clade5,V,OTHER,No signal peptide
O05495|1of1|ref,O05495,clade5,V,OTHER,No signal peptide
A0A5F2KMD5|1of1,A0A5F2KMD5,clade5,V,OTHER,No signal peptide
A0AA46P9P4|1of1,A0AA46P9P4,clade5,V,OTHER,No signal peptide
A0AAJ1VCI2|1of1,A0AAJ1VCI2,clade5,V,OTHER,No signal peptide
A0AB94IQA0|1of1,A0AB94IQA0,clade5,V,OTHER,No signal peptide
A0AA90QSU5|1of1,A0AA90QSU5,clade5,V,OTHER,No signal peptide
A0A1S2RE47|1of1,A0A1S2RE47,clade5,V,OTHER,No signal peptide
A0A1G9XB17|1of1,A0A1G9XB17,clade5,V,LIPO,Sec/SPII
A0A419SXU1|1of1,A0A419SXU1,clade5,V,OTHER,No signal peptide
A0A168PHJ0|1of1,A0A168PHJ0,clade5,V,OTHER,No signal peptide
A5N6W5|1of1,A5N6W5,clade5,V,OTHER,No signal peptide
A0AB39BSU9|1of1,A0AB39BSU9,clade5,V,OTHER,No signal peptide
A0A1M5Y7X7|1of1,A0A1M5Y7X7,clade5,V,OTHER,No signal peptide
A0A355RYJ8|1of1,A0A355RYJ8,clade5,V,OTHER,No signal peptide
A0A544TGH6|1of1,A0A544TGH6,clade5,V,OTHER,No signal peptide
P0DPJ9|1of1|ref,P0DPJ9,clade5,V,OTHER,No signal peptide
Q9K3E4|1of1|ref,Q9K3E4,clade5,V,OTHER,No signal peptide
A0A8I1GMI5|1of1,A0A8I1GMI5,clade5,V,OTHER,No signal peptide
A0A285S162|1of1,A0A285S162,clade5,V,OTHER,No signal peptide
A0A2S0K6G8|1of1,A0A2S0K6G8,clade5,V,OTHER,No signal peptide
A0A0W7YN08|1of1,A0A0W7YN08,clade5,V,OTHER,No signal peptide
A0A927RCC4|1of1,A0A927RCC4,clade5,V,OTHER,No signal peptide
A0A1I1A411|1of1,A0A1I1A411,clade5,V,OTHER,No signal peptide
A0A024Q678|1of1,A0A024Q678,clade5,V,OTHER,No signal peptide
A0A2Z4MIH2|1of1,A0A2Z4MIH2,clade5,V,OTHER,No signal peptide
A0A0Q9T043|1of1,A0A0Q9T043,clade5,V,OTHER,No signal peptide
A0A4V3WDZ9|1of1,A0A4V3WDZ9,clade5,V,OTHER,No signal peptide
A0A5C8MSM7|1of1,A0A5C8MSM7,clade5,V,OTHER,No signal peptide
A0A553LCQ5|1of1,A0A553LCQ5,clade5,V,OTHER,No signal peptide
A0AA96MVE4|1of1,A0AA96MVE4,clade5,V,OTHER,No signal peptide
P37531|1of1|ref,P37531,clade5,V,OTHER,No signal peptide
A0A8I1WI30|1of1,A0A8I1WI30,clade5,V,OTHER,No signal peptide
A0A418T651|1of1|ref,A0A418T651,clade5,V,OTHER,No signal peptide
A0A285CMY7|1of1,A0A285CMY7,clade5,V,OTHER,No signal peptide
A0A265N5V4|1of1,A0A265N5V4,clade5,V,OTHER,No signal peptide
A0A919WRD3|1of1,A0A919WRD3,clade5,V,OTHER,No signal peptide
A0A1H9GI38|1of1,A0A1H9GI38,clade5,V,OTHER,No signal peptide
A0A4R5VQJ1|1of1,A0A4R5VQJ1,clade5,V,OTHER,No signal peptide
A0A9W4PH31|1of1,A0A9W4PH31,clade5,V,OTHER,No signal peptide
A0A2N5GDY9|1of1,A0A2N5GDY9,clade5,V,OTHER,No signal peptide
A0A4Q1S304|1of1,A0A4Q1S304,clade5,V,OTHER,No signal peptide
A0A150MMM4|1of1,A0A150MMM4,clade5,V,OTHER,No signal peptide
A0A7X9BRJ6|1of1,A0A7X9BRJ6,clade5,V,OTHER,No signal peptide
R1CNL0|1of1,R1CNL0,clade5,V,OTHER,No signal peptide
A0A6P1TQ28|1of1,A0A6P1TQ28,clade5,V,OTHER,No signal peptide
A0A2M8ZBR0|1of1,A0A2M8ZBR0,clade5,V,OTHER,No signal peptide
A0A3D1FSS6|1of1,A0A3D1FSS6,clade5,V,OTHER,No signal peptide
A0A352T218|1of1,A0A352T218,clade5,V,OTHER,No signal peptide
A0A521JRL2|1of1,A0A521JRL2,clade5,V,OTHER,No signal peptide
A0A7U9RRZ1|1of1,A0A7U9RRZ1,clade5,V,OTHER,No signal peptide
A0A412CAB8|1of1,A0A412CAB8,clade5,V,OTHER,No signal peptide
A8S1M9|1of1,A8S1M9,clade5,V,OTHER,No signal peptide
A0A2V3Y6U8|1of1,A0A2V3Y6U8,clade5,V,OTHER,No signal peptide
A0A099S902|1of1,A0A099S902,clade5,V,LIPO,Sec/SPII
B1IJ94|1of1,B1IJ94,clade5,V,OTHER,No signal peptide
A0A4R2BFX7|1of1,A0A4R2BFX7,clade5,V,LIPO,Sec/SPII
A0AA95MEH6|1of1,A0AA95MEH6,clade5,V,LIPO,Sec/SPII
A0A7Y8WSG7|1of1,A0A7Y8WSG7,clade5,V,LIPO,Sec/SPII
A0A9X7J341|1of1,A0A9X7J341,clade5,V,OTHER,No signal peptide
I8R071|1of1,I8R071,clade5,V,OTHER,No signal peptide
D9TNK9|1of1,D9TNK9,clade5,V,OTHER,No signal peptide
M8CVP9|1of1,M8CVP9,clade5,V,LIPO,Sec/SPII
A0A562GJ23|1of1,A0A562GJ23,clade5,V,LIPO,Sec/SPII
A0A259U681|1of1,A0A259U681,clade5,V,SP,Sec/SPI
A0A212LSE8|1of1,A0A212LSE8,clade5,V,SP,Sec/SPI
A0A1V5JXT9|1of1,A0A1V5JXT9,clade5,V,OTHER,No signal peptide
A0A7C6C976|1of1,A0A7C6C976,clade5,V,SP,Sec/SPI
A0A939TH90|1of1,A0A939TH90,clade5,V,SP,Sec/SPI
A0A8J6I3I3|1of1,A0A8J6I3I3,clade5,V,SP,Sec/SPI
A0A173N005|1of1,A0A173N005,clade5,V,SP,Sec/SPI
A0AAU0NVD8|1of1,A0AAU0NVD8,clade5,V,SP,Sec/SPI
A0A166QXY6|1of1,A0A166QXY6,clade5,V,SP,Sec/SPI
A0A7V1M3G1|1of1,A0A7V1M3G1,clade5,V,OTHER,No signal peptide
A0A4S4BXR1|1of1,A0A4S4BXR1,clade5,V,OTHER,No signal peptide
A0A9W3P446|1of1,A0A9W3P446,clade5,V,OTHER,No signal peptide
A0A7M2Y6D7|1of1,A0A7M2Y6D7,clade5,V,OTHER,No signal peptide
A0A420CFH6|1of1,A0A420CFH6,clade5,V,OTHER,No signal peptide
A0A4Q1F2V2|1of1,A0A4Q1F2V2,clade5,V,OTHER,No signal peptide
A0A841LJL2|1of1,A0A841LJL2,clade5,V,OTHER,No signal peptide
A0A5C1HUI1|1of1|ref,A0A5C1HUI1,clade5,V,OTHER,No signal peptide
A0A930P9V9|1of1,A0A930P9V9,clade5,V,OTHER,No signal peptide
A0A257I0N1|1of1,A0A257I0N1,clade5,V,OTHER,No signal peptide
A0A9E2SB20|1of1,A0A9E2SB20,clade5,V,OTHER,No signal peptide
A0A2V8VTS5|1of1,A0A2V8VTS5,clade5,V,OTHER,No signal peptide
A0A1Q7YRR5|1of1,A0A1Q7YRR5,clade5,V,OTHER,No signal peptide
A0A2V9YQL0|1of1,A0A2V9YQL0,clade5,V,OTHER,No signal peptide
A0A7Y9TA16|1of1,A0A7Y9TA16,clade5,V,OTHER,No signal peptide
A0A428MMQ8|1of1,A0A428MMQ8,clade5,V,OTHER,No signal peptide
W6MAR3|1of1,W6MAR3,clade5,V,OTHER,No signal peptide
A0A2V8QLJ3|1of1,A0A2V8QLJ3,clade5,V,OTHER,No signal peptide
A0A059WTR9|1of1,A0A059WTR9,clade5,V,OTHER,No signal peptide
A0AAW3KHM4|1of1,A0AAW3KHM4,clade5,V,OTHER,No signal peptide
A0A5A7VL46|1of1,A0A5A7VL46,clade5,V,LIPO,Sec/SPII
A0A1M7GXF3|1of1,A0A1M7GXF3,clade5,V,OTHER,No signal peptide
B0T3D0|1of1,B0T3D0,clade5,V,OTHER,No signal peptide
A0A2T5GIS0|1of1,A0A2T5GIS0,clade5,V,OTHER,No signal peptide
A0A2W5P5M4|1of1,A0A2W5P5M4,clade5,V,OTHER,No signal peptide
A0A1W7M5Z3|1of1,A0A1W7M5Z3,clade5,V,OTHER,No signal peptide
A0A8S0GSP0|1of1,A0A8S0GSP0,clade5,V,SP,Sec/SPI
A0AB74D025|1of1,A0AB74D025,clade5,V,OTHER,No signal peptide
WP_006639215.1,WP_006639215.1,clade5,V,SP,Sec/SPI
WP_268369038.1,WP_268369038.1,clade5,V,SP,Sec/SPI
WP_371176112.1,WP_371176112.1,clade5,V,SP,Sec/SPI
A0A9W5LL12|1of1,A0A9W5LL12,clade5,V,SP,Sec/SPI
O32258|1of1|ref,O32258,clade5,V,SP,Sec/SPI
WP_284929256.1,WP_284929256.1,clade5,V,SP,Sec/SPI
A0A2W1TFE8|1of1,A0A2W1TFE8,clade5,V,LIPO,Sec/SPII
A0A6N0Y908|1of1,A0A6N0Y908,clade5,V,LIPO,Sec/SPII
A0AAF0LW34|1of1,A0AAF0LW34,clade5,V,LIPO,Sec/SPII
A0A0Q7BL86|1of1,A0A0Q7BL86,clade5,V,SP,Sec/SPI
WP_379154136.1,WP_379154136.1,clade5,V,SP,Sec/SPI
WP_348873838.1,WP_348873838.1,clade5,V,SP,Sec/SPI
WP_224123087.1,WP_224123087.1,clade5,V,SP,Sec/SPI
A0A535QAF3|1of1,A0A535QAF3,clade5,V,OTHER,No signal peptide
A0A536QEL9|1of1,A0A536QEL9,clade5,V,OTHER,No signal peptide
A0A535QQ68|1of1,A0A535QQ68,clade5,V,SP,Sec/SPI
A0A2V7H227|1of1,A0A2V7H227,clade5,V,SP,Sec/SPI
A0A967Z143|1of1,A0A967Z143,clade5,V,SP,Sec/SPI
Q87AJ8|1of1,Q87AJ8,clade5,V,SP,Sec/SPI
Q8P6S6|1of1,Q8P6S6,clade5,V,SP,Sec/SPI
A0A7X9UVU9|1of1,A0A7X9UVU9,clade5,V,SP,Sec/SPI
O31682|1of1|ref,O31682,clade5,V,OTHER,No signal peptide
A0A6G1X9A6|1of1,A0A6G1X9A6,clade5,V,OTHER,No signal peptide
A0A431W0B1|1of1,A0A431W0B1,clade5,V,OTHER,No signal peptide
WP_126864000.1,WP_126864000.1,clade5,V,SP,Sec/SPI
WP_340772565.1,WP_340772565.1,clade5,V,SP,Sec/SPI
A0A9X1DNB0|1of1,A0A9X1DNB0,clade5,V,OTHER,No signal peptide
WP_100531148.1,WP_100531148.1,clade5,V,SP,Sec/SPI
WP_236712811.1,WP_236712811.1,clade5,V,SP,Sec/SPI
A0A2P7VKB2|1of1,A0A2P7VKB2,clade5,V,SP,Sec/SPI
A0A3N6CC33|1of1,A0A3N6CC33,clade5,V,SP,Sec/SPI
A0A2M9N2K0|1of1,A0A2M9N2K0,clade5,V,SP,Sec/SPI
A0A1R0ZB87|1of1,A0A1R0ZB87,clade5,V,OTHER,No signal peptide
A0A2N9Z3X8|1of1|ref,A0A2N9Z3X8,clade5,V,SP,Sec/SPI
A0A4Y8LXD7|1of1,A0A4Y8LXD7,clade5,V,OTHER,No signal peptide
A0A418TA90|1of1,A0A418TA90,clade5,V,SP,Sec/SPI
A0A1Y5K9S0|1of1,A0A1Y5K9S0,clade5,V,OTHER,No signal peptide
A0A926KNN6|1of1,A0A926KNN6,clade5,V,SP,Sec/SPI
A0A0P9DJ33|1of1,A0A0P9DJ33,clade5,V,SP,Sec/SPI
A0A916K8H6|1of1,A0A916K8H6,clade5,V,SP,Sec/SPI
R7FHT5|1of1,R7FHT5,clade5,V,OTHER,No signal peptide
G0VM00|1of1,G0VM00,clade5,V,SP,Sec/SPI
MCF0156826.1,MCF0156826.1,clade5,V,OTHER,No signal peptide
MBS5752433.1,MBS5752433.1,clade5,V,SP,Sec/SPI
W1W8X1|1of1,W1W8X1,clade5,V,OTHER,No signal peptide
MBS6124156.1,MBS6124156.1,clade5,V,OTHER,No signal peptide
WP_321062327.1,WP_321062327.1,clade5,V,SP,Sec/SPI
WP_125137100.1,WP_125137100.1,clade5,V,OTHER,No signal peptide
WP_212696376.1,WP_212696376.1,clade5,V,OTHER,No signal peptide
MCT4542032.1,MCT4542032.1,clade5,V,OTHER,No signal peptide
A0A8J8MAQ9|1of1,A0A8J8MAQ9,clade5,V,OTHER,No signal peptide
A0A416EYA6|1of1,A0A416EYA6,clade5,V,OTHER,No signal peptide
A0A417FD09|1of1,A0A417FD09,clade5,V,OTHER,No signal peptide
A0A414D7L0|1of1,A0A414D7L0,clade5,V,OTHER,No signal peptide
A0A174PS43|1of1,A0A174PS43,clade5,V,OTHER,No signal peptide
D7GSB2|1of1,D7GSB2,clade5,V,OTHER,No signal peptide
A0A1D3TRH3|1of1,A0A1D3TRH3,clade5,V,OTHER,No signal peptide
A0A6N2RGF8|1of1,A0A6N2RGF8,clade5,V,OTHER,No signal peptide
F7KPP4|1of1,F7KPP4,clade5,V,OTHER,No signal peptide
A0A3A6FY23|1of1,A0A3A6FY23,clade5,V,OTHER,No signal peptide
A0A413BHB5|1of1,A0A413BHB5,clade5,V,OTHER,No signal peptide
A0A373UE61|1of1,A0A373UE61,clade5,V,OTHER,No signal peptide
A0A3D5LD54|1of1,A0A3D5LD54,clade5,V,OTHER,No signal peptide
A0A414RLB8|1of1,A0A414RLB8,clade5,V,OTHER,No signal peptide
A0A6L6XJH9|1of1,A0A6L6XJH9,clade5,V,OTHER,No signal peptide
A0A7C6UXG3|1of1,A0A7C6UXG3,clade5,V,OTHER,No signal peptide
A0A970J9V3|1of1,A0A970J9V3,clade5,V,OTHER,No signal peptide
WP_127723755.1,WP_127723755.1,clade5,V,OTHER,No signal peptide
MDO5715566.1,MDO5715566.1,clade5,V,OTHER,No signal peptide
WP_216548858.1,WP_216548858.1,clade5,V,OTHER,No signal peptide
WP_349187620.1,WP_349187620.1,clade5,V,OTHER,No signal peptide
A0A1F0GEE6|1of1,A0A1F0GEE6,clade5,V,OTHER,No signal peptide
I3E847|1of1,I3E847,clade5,V,OTHER,No signal peptide
A0AA96N1M8|1of1,A0AA96N1M8,clade5,V,OTHER,No signal peptide
V6M8X7|1of1,V6M8X7,clade5,V,OTHER,No signal peptide
A0A291BF08|1of1,A0A291BF08,clade5,V,OTHER,No signal peptide
A0A6N9Q5R9|1of1,A0A6N9Q5R9,clade5,V,OTHER,No signal peptide
A0A0P9DSJ4|1of1,A0A0P9DSJ4,clade5,V,OTHER,No signal peptide
A0A1A5YVG0|1of1,A0A1A5YVG0,clade5,V,OTHER,No signal peptide
A0A418SNX1|1of1,A0A418SNX1,clade5,V,OTHER,No signal peptide
A0A7Z2ZRK3|1of1,A0A7Z2ZRK3,clade5,V,OTHER,No signal peptide
A0A917D230|1of1,A0A917D230,clade5,V,OTHER,No signal peptide
A0A1H7YCL9|1of1,A0A1H7YCL9,clade5,V,OTHER,No signal peptide
A0A329QGV0|1of1,A0A329QGV0,clade5,V,OTHER,No signal peptide
A0A0E4HDR3|1of1,A0A0E4HDR3,clade5,V,OTHER,No signal peptide
