tip_label,clade,group,cat_div
A0A015SSG1|1of1,clade2,II,4.004085909743518
A0A023BW51|1of1,clade3,III,3.3656470237677967
A0A024Q678|1of1,clade5,V,3.2335548754504684
A0A059WTR9|1of1,clade5,V,3.463811204971494
A0A069SEV1|1of1,clade3,III,3.438795176174152
A0A076HB65|1of1,clade3,III,2.884425460503389
A0A087K7V2|1of1,clade2,II,2.689953095572222
A0A099S902|1of1,clade5,V,2.980356253142524
A0A099SBU9|1of1,clade5,V,3.4557074704247666
A0A099WEB1|1of1,clade2,II,2.9415638646537037
A0A0A0ND72|1of1,clade1,I,2.2195723872390616
A0A0A6UB86|1of1,clade2,II,2.3075901742518514
A0A0C1Z1S8|1of1,clade3,III,2.836530771863136
A0A0D0NRC8|1of1,clade3,III,2.5545089195546606
A0A0E2B0A1|1of1,clade5,V,4.0122796173794395
A0A0E4HDR3|1of1,clade5,V,3.576211035878972
A0A0G0VMH8|1of1,clade4,IV,2.6319494988888885
A0A0G1BA96|1of1,clade5,V,3.729908166533177
A0A0G1FEY9|1of1,clade1,I,2.5525865406593753
A0A0G1KPH3|1of1,clade4,IV,2.7470309668444446
A0A0G1L6T4|1of1,clade4,IV,2.7038842873185183
A0A0H2VD17|1of1,clade1,I,2.6054368138656256
A0A0H3CZ70|1of1,clade2,II,2.551268205158332
A0A0H3N1L0|1of1,clade3,III,3.340973460021186
A0A0H4WZF4|1of1,clade3,III,3.4921923765775427
A0A0M0F1X2|1of1,clade3,III,3.006966629922457
A0A0M4KCA6|1of1,clade2,II,3.1180967392740744
A0A0M4N8B0|1of1,clade5,V,4.053017165166354
A0A0M8VN40|1of1,clade1,I,2.0025580618703125
A0A0N1ES29|1of1,clade3,III,3.0149327989779655
A0A0N1H9U3|1of1,clade3,III,2.8052876158813556
A0A0P7JLN6|1of1,clade5,V,4.498434563826636
A0A0P9DJ33|1of1,clade5,V,3.620645646238317
A0A0P9DSJ4|1of1,clade5,V,3.1942486176285043
A0A0Q0Q217|1of1,clade2,II,2.7418427303712964
A0A0Q4L6N0|1of1,clade3,III,3.6158757655567793
A0A0Q6MD47|1of1,clade2,II,3.8624445064046293
A0A0Q6ME22|1of2,clade1,I,2.182246209409375
A0A0Q6ME22|2of2,clade1,I,4.955024372865624
A0A0Q7BL86|1of1,clade5,V,3.7872817981700937
A0A0Q9T043|1of1,clade5,V,3.129291500128038
A0A0Q9ZG59|1of1,clade3,III,2.7777947068953397
A0A0R0B9V6|1of1|ref,clade3,III,2.4266540265762706
A0A0S2NWA5|1of1,clade3,III,2.7300755679025417
A0A0T5VV30|1of1,clade3,III,3.6102925449423724
A0A0U3MSZ2|1of1,clade3,III,3.153660317169915
A0A0V8CKA6|1of1,clade2,II,2.7329462071388892
A0A0W1D8A6|1of1,clade3,III,3.8965346492830513
A0A0W7YN08|1of1,clade5,V,3.4056038649205624
A0A0X3SH51|1of1,clade1,I,2.0731136941171866
A0A101TWC9|1of1,clade3,III,3.944959708107627
A0A105L0Y0|1of1,clade3,III,2.4712485001809323
A0A132UC03|1of1,clade5,V,4.3240585378177565
A0A150MMM4|1of1,clade5,V,3.077687695461681
A0A150P7L5|1of1,clade2,II,3.5803200345972233
A0A150VND8|1of1,clade2,II,2.9153017272740747
A0A164RM01|1of1,clade2,II,2.692646129024073
A0A166QXY6|1of1,clade5,V,3.2045287167509344
A0A167F4N4|1of1,clade2,II,3.3341484611694434
A0A168PHJ0|1of1,clade5,V,2.9234185940023365
A0A173N005|1of1,clade5,V,3.007103506321963
A0A174PS43|1of1,clade5,V,3.875200462018224
A0A174TMX2|1of1,clade3,III,3.788660538877119
A0A1A5YVG0|1of1,clade5,V,3.272563214866355
A0A1C5I9Q0|1of1,clade3,III,2.6505425186906777
A0A1C5PF82|1of1,clade3,III,2.95113625011483
A0A1C6PNM4|1of1,clade5,V,3.5381836375233644
A0A1C8FNW5|1of1,clade3,III,2.855433618427118
A0A1D3TRH3|1of1,clade5,V,3.4414644571299067
A0A1E4X7Z0|1of1,clade3,III,3.0784852264317797
A0A1E5GA92|1of1,clade2,II,4.077027035968519
A0A1F0GEE6|1of1,clade5,V,3.775750807271495
A0A1F6E986|1of1,clade5,V,3.8317699076420557
A0A1F6ECB0|1of1,clade5,V,3.713248563178972
A0A1F7JRD4|1of1,clade4,IV,2.7755393136
A0A1F8RW44|1of1,clade4,IV,2.1968409917407405
A0A1G1BBJ5|1of1,clade3,III,3.2512398492008474
A0A1G1VQY3|1of1,clade4,IV,2.501005516274074
A0A1G1WAZ5|1of1,clade5,V,3.210401557785514
A0A1G2S8K3|1of1,clade5,V,3.7326730201
A0A1G6XEK3|1of1,clade3,III,2.7892778073207625
A0A1G7R0D1|2of2|ref,clade2,II,2.7271210137472224
A0A1G9XB17|1of1,clade5,V,2.906886341844392
A0A1H0IXH9|1of1,clade1,I,1.8468270964312496
A0A1H3P9Y6|1of1,clade2,II,2.4411219052111113
A0A1H3RUQ4|1of1,clade2,II,2.5908130184157403
A0A1H4FLX1|1of1,clade3,III,2.771079170969491
A0A1H4IP28|1of1,clade3,III,3.6302406317216103
A0A1H4T8R8|1of1,clade3,III,2.6314011032008464
A0A1H6C142|1of1,clade3,III,3.114435208168644
A0A1H6ECJ6|1of1,clade3,III,2.633594487669068
A0A1H7GZL9|1of1,clade2,II,2.4494042844
A0A1H7I491|1of2,clade3,III,3.3643823053995754
A0A1H7L5A6|1of3,clade3,III,3.3764409471203387
A0A1H7PJC8|1of1,clade3,III,4.757374756026694
A0A1H7YCL9|1of1,clade5,V,3.547082233140654
A0A1H9GI38|1of1,clade5,V,3.30643447102757
A0A1I0DNM9|1of1,clade5,V,3.9668753830799064
A0A1I0ZRS5|1of1,clade2,II,2.694303975169445
A0A1I1A411|1of1,clade5,V,3.2234757300817773
A0A1J7BM16|1of1,clade3,III,3.224726777066949
A0A1M5Y7X7|1of1,clade5,V,3.1205915937971973
A0A1M7GXF3|1of1,clade5,V,3.5822325878967294
A0A1M7R1R9|1of1,clade3,III,3.2228836195572037
A0A1Q4G719|1of1,clade3,III,3.058834053624999
A0A1Q4W0W6|1of1,clade1,I,1.9139975562343747
A0A1Q4WYD5|1of1,clade2,II,2.689524283649074
A0A1Q5F0T4|1of1,clade1,I,1.8862238721687494
A0A1Q5JES7|1of1,clade3,III,2.6836281194813556
A0A1Q5XV66|1of1,clade3,III,2.4910586539834743
A0A1Q7YRR5|1of1,clade5,V,3.8449498817925227
A0A1R0ZB87|1of1,clade5,V,3.5493295801677567
A0A1R1AZ10|1of1,clade3,III,3.1331843736652543
A0A1S2KLC1|1of1,clade3,III,2.987013302456355
A0A1S2RE47|1of1,clade5,V,3.38874616896028
A0A1S6F5A2|1of1,clade3,III,3.304043280075
A0A1S6HQG7|1of1,clade3,III,2.7790377582216097
A0A1T3VL21|1of1,clade2,II,2.419834373857407
A0A1T4ML36|1of1,clade3,III,2.888214616808051
A0A1T4NNU6|1of1,clade3,III,2.9570457234249994
A0A1T5CDZ6|1of1,clade3,III,3.763221311556356
A0A1U9NAP8|1of1,clade3,III,3.5527998286474576
A0A1V3C8Z9|1of1,clade3,III,3.0831337032453385
A0A1V3Q2P4|1of1,clade3,III,2.9560273740559317
A0A1V5JXT9|1of1,clade5,V,2.888813973502337
A0A1V9ETC2|1of1,clade3,III,3.294102821350424
A0A1W5XXB1|1of1,clade3,III,2.7043608149792364
A0A1W7M5Z3|1of1,clade5,V,4.445877283955607
A0A1X9Z834|1of1,clade3,III,3.424343218992373
A0A1Y2RHE5|1of1|ref,clade3,III,3.813327552444491
A0A1Y4UJP4|1of1,clade5,V,4.569700489943925
A0A1Y5K9S0|1of1,clade5,V,3.623643333978972
A0A1Y6KW18|1of1|ref,clade3,III,3.330116469013983
A0A1Y6MCM0|1of1,clade3,III,3.272428623507627
A0A1Z9NED1|1of1,clade4,IV,2.062184793214815
A0A212LSE8|1of1,clade5,V,2.9955026978411214
A0A238ZIG1|1of1,clade1,I,1.9415698208718744
A0A257I0N1|1of1,clade5,V,3.64801169117757
A0A257Z424|1of1,clade1,I,2.1056678511593745
A0A258J1N2|1of1,clade1,I,1.966361011732812
A0A259U681|1of1,clade5,V,3.013624097049533
A0A265N5V4|1of1,clade5,V,3.0082248514439254
A0A268JUH0|1of1,clade3,III,2.450374168465254
A0A285CMY7|1of1,clade5,V,2.942787466613084
A0A285S162|1of1,clade5,V,3.2208175470565434
A0A285ZQD3|1of1,clade3,III,3.44059662761822
A0A286FSV0|1of1,clade1,I,1.8636407140124998
A0A291BF08|1of1,clade5,V,3.1793790232878503
A0A2A3HW91|1of1,clade2,II,2.9453933180537044
A0A2A3JA86|1of1,clade1,I,2.1470660488562494
A0A2A5IZK2|1of1,clade3,III,2.4580385745783895
A0A2C1ZFA0|1of1,clade3,III,3.741482341915678
A0A2C2V0L8|1of1,clade5,V,3.340121347804673
A0A2E4AII5|1of1,clade4,IV,2.087390723096296
A0A2E5W4C4|1of1,clade3,III,3.3995828046978818
A0A2E8GXT4|1of1,clade4,IV,1.841890221807407
A0A2G6T9Q5|1of1,clade3,III,3.8998758863610172
A0A2G6TAK0|1of1|ref,clade3,III,3.270264289319067
A0A2H5AW99|1of1,clade1,I,1.9442830341406245
A0A2L0N712|1of1,clade2,II,2.6319582593712956
A0A2M8ZBR0|1of1,clade5,V,3.8672093919719615
A0A2M9BAE7|1of1,clade3,III,3.631171632252119
A0A2M9N2K0|1of1,clade5,V,3.646922894347196
A0A2N2ZE41|1of1,clade3,III,3.997534193653813
A0A2N5EE67|1of1,clade3,III,3.082238069623729
A0A2N5GDY9|1of1,clade5,V,3.0148484894467287
A0A2N7CJR6|1of1,clade2,II,3.0201633902907408
A0A2N9Z3X8|1of1|ref,clade5,V,3.9011895078018695
A0A2P2GPQ0|1of1,clade1,I,1.9598812034515622
A0A2P7VDD4|1of1,clade5,V,3.871928699385046
A0A2P7VKB2|1of1,clade5,V,3.3589664604471965
A0A2P8FRZ5|1of1,clade2,II,3.82934034450926
A0A2P8G0T5|1of1,clade4,IV,3.154826998162963
A0A2P8IBY0|1of1,clade2,II,2.551889237697222
A0A2P8IDT9|1of1,clade2,II,2.3554338794231473
A0A2R7KXX1|1of1,clade3,III,3.951674525320762
A0A2S0K6G8|1of1,clade5,V,3.3256190036014024
A0A2S4YTB5|1of1,clade1,I,1.9380755406281245
A0A2S6PHS4|1of1,clade5,V,3.471329082374299
A0A2S8KJ83|1of2,clade1,I,2.0784584928703125
A0A2S8Q281|1of1,clade3,III,3.6107249283703378
A0A2T3ILP5|1of1,clade2,II,3.0524234196749993
A0A2T5GIS0|1of1,clade5,V,4.159419409957009
A0A2T7LZR1|1of1,clade2,II,2.457996219601851
A0A2T7TDA3|1of1,clade1,I,2.0476845952984366
A0A2V3Y6U8|1of1,clade5,V,3.661054414764954
A0A2V7H227|1of1,clade5,V,3.4400020641266353
A0A2V8QLJ3|1of1,clade5,V,3.4475700250425234
A0A2V8VTS5|1of1,clade5,V,3.62290976683271
A0A2V9YQL0|1of1,clade5,V,3.832361088209813
A0A2W1TFE8|1of1,clade5,V,4.18427106212056
A0A2W5P5M4|1of1,clade5,V,4.548041648650934
A0A2W6VTG7|1of1,clade3,III,3.2131442509148305
A0A2Z4MIH2|1of1,clade5,V,3.246302403762618
A0A327NQ76|1of1,clade3,III,2.7566515377330503
A0A327V961|1of1,clade2,II,2.3926503653203706
A0A328P774|1of1,clade3,III,2.86320266922839
A0A329FAB9|1of1,clade2,II,2.6022790022750004
A0A329QGV0|1of1,clade5,V,3.6036518351355142
A0A329QZH3|1of1,clade2,II,2.351603043331482
A0A329WIZ9|1of1,clade3,III,3.6669691375402538
A0A352T218|1of1,clade5,V,3.1477410278813087
A0A353FZQ3|1of1,clade5,V,3.9157998209901863
A0A355RYJ8|1of1,clade5,V,3.0188215548074764
A0A356UCN0|1of1,clade5,V,3.5129179727565414
A0A358CUN6|1of1,clade3,III,2.6397642161813555
A0A358GLS8|1of1,clade3,III,2.3491014222830504
A0A372Z340|1of1,clade3,III,4.102763278925
A0A373GR53|1of1,clade3,III,2.9555135107012713
A0A373UE61|1of1,clade5,V,3.7105604510728973
A0A374PZE8|1of1,clade3,III,4.045306768302119
A0A376E139|1of1|ref,clade3,III,3.5994153153093222
A0A381ETT0|1of1,clade2,II,2.536171769847223
A0A385THE8|1of1|ref,clade3,III,2.8176578647381354
A0A3A5PE58|1of1,clade3,III,3.3736161656707626
A0A3A5WLZ6|1of1,clade2,II,4.279451845319445
A0A3A6FY23|1of1,clade5,V,3.791770725456075
A0A3A6PGU0|1of1,clade5,V,4.159937961714486
A0A3A8HAY2|1of1,clade3,III,3.7054363560542365
A0A3A8RTQ0|1of1,clade3,III,3.6681902486177957
A0A3B8HUQ9|1of1,clade5,V,3.360965939185513
A0A3C1SGT6|1of1,clade5,V,3.9135126829925233
A0A3C1WNL0|1of1,clade2,II,2.927231341468519
A0A3D1FSS6|1of1,clade5,V,3.9192106279140186
A0A3D5LD54|1of1,clade5,V,3.8048122213098137
A0A3E2NGH4|1of1,clade3,III,2.5696834387572034
A0A3G2EDD2|1of1,clade3,III,2.5097867790165247
A0A3G2J6H9|1of1,clade1,I,2.011708144795312
A0A3G7UCR3|1of1,clade2,II,3.10677087742963
A0A3M1JRT8|1of1,clade4,IV,1.8373289572888885
A0A3N1V3Z4|1of1,clade3,III,2.7287714024716094
A0A3N4RPU1|1of1,clade2,II,2.5894385893064817
A0A3N6CC33|1of1,clade5,V,3.646566211016823
A0A3N7K052|1of1,clade2,II,2.4740980892037037
A0A3P3UBD0|1of1,clade3,III,3.6218560547372873
A0A3Q8VTD7|1of1,clade3,III,2.672961676975424
A0A3R9XTW6|1of1,clade2,II,2.5121069980777775
A0A3S3QTC6|1of1,clade2,II,3.4510103106527774
A0A3S4LGA4|1of1,clade1,I,1.9460722559624997
A0A3T2I268|1of1,clade2,II,3.009960208586111
A0A411DRE2|1of1,clade2,II,3.7471986041953707
A0A412CAB8|1of1,clade5,V,3.776058167552804
A0A412XU72|1of1,clade2,II,4.175018658709259
A0A413BHB5|1of1,clade5,V,3.9519417191056077
A0A413RBI4|3of3,clade2,II,2.65509114884537
A0A414D7L0|1of1,clade5,V,3.967575043768692
A0A414LGH4|1of1,clade3,III,3.3302483136220338
A0A414RLB8|1of1,clade5,V,3.7930702178214957
A0A415Q0R8|1of1,clade2,II,4.475915775087038
A0A416EYA6|1of1,clade5,V,3.9380367745733644
A0A417FD09|1of1,clade5,V,3.665195573578972
A0A418PR50|1of1,clade3,III,2.7079218840563555
A0A418SNX1|1of1,clade5,V,3.198909434860748
A0A418T651|1of1|ref,clade5,V,2.9772419740939253
A0A418TA90|1of1,clade5,V,3.648550581245794
A0A418WJK4|1of1,clade3,III,3.8508206750000005
A0A419SXU1|1of1,clade5,V,2.7433428936313082
A0A420CFH6|1of1,clade5,V,3.529187494577103
A0A420CKH5|1of1|ref,clade2,II,3.762738929708333
A0A427TN29|1of1,clade1,I,2.2007229462890616
A0A428MMQ8|1of1,clade5,V,3.7863532689855135
A0A428XXW0|1of1,clade3,III,2.735712346595339
A0A429B0K2|1of1,clade1,I,1.967257812742187
A0A429HYE5|1of1,clade1,I,1.8326937332531243
A0A429UIK5|1of1|ref,clade3,III,2.6441262857444907
A0A431LS51|1of1,clade2,II,3.8426676183342585
A0A431W0B1|1of1,clade5,V,3.24278580398972
A0A438LXD4|1of1,clade3,III,2.646793961463982
A0A447PN04|1of1,clade3,III,3.696742480858051
A0A454CRX6|1of1,clade2,II,3.031064014182407
A0A482PJ69|1of1,clade1,I,2.4491824652218757
A0A482Y1Q5|1of1,clade3,III,2.9266012154177967
A0A497ZJ07|1of1,clade4,IV,2.7588891566888885
A0A497ZQZ0|1of1,clade3,III,2.6339910859237285
A0A499UR72|1of1,clade3,III,2.6363539315944915
A0A4D4K4Y5|1of1,clade1,I,2.251332920584374
A0A4P9THL2|1of1,clade3,III,3.0403160054940677
A0A4Q0SYJ7|1of1,clade3,III,3.0080719637483053
A0A4Q1F2V2|1of1,clade5,V,3.339713227413551
A0A4Q1S304|1of1,clade5,V,3.173353756624298
A0A4R0IBU7|1of1,clade3,III,2.624730441506356
A0A4R0NAE8|1of1,clade3,III,3.077874013900423
A0A4R2BFX7|1of1,clade5,V,2.968590582607476
A0A4R2H091|1of1,clade1,I,2.1881981070609364
A0A4R3MRT0|1of1,clade3,III,2.6097567221470332
A0A4R4NZN4|1of1,clade3,III,2.527345207972881
A0A4R4Q2S2|1of1,clade3,III,3.7834567381567785
A0A4R5C255|1of1,clade1,I,1.992119051823437
A0A4R5VQJ1|1of1,clade5,V,3.2335708204939255
A0A4R6JK13|1of1,clade3,III,2.8205067101775416
A0A4R8CWR7|1of1,clade2,II,3.706487215524074
A0A4S4BX19|1of1,clade5,V,2.9955667390154206
A0A4S4BXR1|1of1,clade5,V,3.276457731232243
A0A4U1CKV9|1of1,clade3,III,2.963939309808474
A0A4V3WDZ9|1of1,clade5,V,3.102816689054674
A0A4V6N3Q8|1of1,clade2,II,2.445531764465741
A0A4Y3JPW4|1of1,clade3,III,3.139533218125848
A0A4Y3RTZ4|1of1,clade2,II,2.6221751204462955
A0A4Y8LXD7|1of1,clade5,V,3.6940383652771027
A0A4Y8QY67|1of1,clade3,III,2.5942121826156774
A0A4Y9SY11|1of1,clade3,III,3.194567221368644
A0A4Z1AH30|1of1|ref,clade5,V,4.033048861968692
A0A502BT48|1of1,clade2,II,3.719184318134259
A0A505D7J4|1of1|ref,clade2,II,2.3768217745805553
A0A516ND42|1of1,clade3,III,2.956456503661017
A0A521JRL2|1of1,clade5,V,3.6243216216000005
A0A522JKQ4|1of1,clade3,III,3.003443940532627
A0A535MLJ7|1of1,clade4,IV,2.2259319220296296
A0A535QAF3|1of1,clade5,V,3.2206532099962617
A0A535QQ68|1of1,clade5,V,3.2881342613546725
A0A536E7L0|1of1,clade4,IV,2.19620802937037
A0A536GMW5|1of1,clade4,IV,2.1371639732148147
A0A536LFQ0|1of1,clade4,IV,2.464844249377777
A0A536QEL9|1of1,clade5,V,3.3154258608794396
A0A544TGH6|1of1,clade5,V,3.266310906803739
A0A545BI60|1of1,clade1,I,2.370561250676562
A0A553LCQ5|1of1,clade5,V,3.24536392984673
A0A562GJ23|1of1,clade5,V,3.183478890658411
A0A563EGS5|1of1,clade2,II,2.410205459971296
A0A5A7VL46|1of1,clade5,V,3.5398213374485987
A0A5B0WQJ0|1of1,clade3,III,2.653816749050424
A0A5B2VS66|1of1,clade2,II,3.8982613750287034
A0A5B3GKF8|1of1,clade2,II,4.617716709298149
A0A5B3GMD1|1of1,clade3,III,3.754088144264407
A0A5C1HUI1|1of1|ref,clade5,V,3.91210837526542
A0A5C4QWQ9|1of1,clade3,III,3.749039498894067
A0A5C5AND6|1of1,clade3,III,2.514280020831355
A0A5C6Z7S2|1of1,clade3,III,3.160290043767372
A0A5C8MSM7|1of1,clade5,V,3.169106125109346
A0A5C8V8Z4|1of1,clade3,III,3.0698644204783894
A0A5D8ZNC1|1of1,clade2,II,3.6773385969648156
A0A5E4W3K7|1of1,clade3,III,3.519405788955084
A0A5F2DN28|1of1,clade5,V,3.984021741662618
A0A5F2KMD5|1of1,clade5,V,3.015687756915421
A0A5J4K6W7|1of1,clade1,I,1.6434600297062498
A0A5J6GA47|1of1,clade2,II,3.6164201342944455
A0A5M3Y0P1|1of1,clade3,III,2.562881800466102
A0A5M7C9P2|1of1|ref,clade1,I,1.896902601525
A0A5P2C4B0|1of1,clade3,III,2.7423930466868636
A0A5P2DQ14|1of1,clade2,II,2.469038386874073
A0A5P9J2I8|1of1,clade3,III,3.045900196748305
A0A5S3QRP5|1of1,clade3,III,3.517002952397034
A0A5S4G042|1of1,clade2,II,2.5390763705731474
A0A640MQ11|1of1,clade2,II,3.9210632079037047
A0A6A1XPQ2|1of1,clade2,II,4.31837777988611
A0A6B1KUU1|1of1,clade3,III,2.6431376237690674
A0A6B2SRW7|1of1,clade3,III,2.7042072624254225
A0A6B2SXG8|1of1,clade3,III,2.6262518837800846
A0A6B2VIQ1|1of1,clade1,I,2.018684012634375
A0A6B3UU21|1of1,clade3,III,3.8087613266504246
A0A6B4FZF7|1of1,clade3,III,2.9451810684127113
A0A6B8HBS4|1of1,clade3,III,2.4182848613453385
A0A6F8YM13|1of1,clade2,II,2.4444247159379633
A0A6G1X9A6|1of1,clade5,V,3.2444846190322427
A0A6G2V7T8|1of1,clade1,I,1.9508557079640618
A0A6G3TQQ8|1of1,clade3,III,2.729877092482626
A0A6G4CMV1|1of1,clade1,I,2.2665410830156247
A0A6G7T7A4|1of1,clade2,II,2.683125720317593
A0A6G9RLS8|1of1,clade3,III,3.381985234156779
A0A6H1RH49|1of1,clade5,V,3.392118217985514
A0A6I1YR46|1of1,clade1,I,2.098957050209375
A0A6I5HRV3|1of1,clade3,III,2.648447863973305
A0A6I5W9U3|1of1,clade2,II,2.403539520046296
A0A6I7XVS9|1of1,clade3,III,2.6788902973584743
A0A6L6EJJ9|1of1,clade5,V,3.807384851858411
A0A6L6XJH9|1of1,clade5,V,3.7978826836850477
A0A6L9QHM7|1of1,clade2,II,2.6105992739240738
A0A6M5UGJ4|1of1,clade3,III,2.592703178011864
A0A6N0Y908|1of1,clade5,V,4.141740340337384
A0A6N2RGF8|1of1,clade5,V,3.6558592333238322
A0A6N9Q5R9|1of1,clade5,V,3.128001277671962
A0A6N9V4J3|1of1,clade1,I,2.0352958087968744
A0A6P1TQ28|1of1,clade5,V,4.200394758610748
A0A6S4T560|1of1,clade3,III,2.869145441641102
A0A7C3AS45|1of1,clade5,V,3.054515294749532
A0A7C6C976|1of1,clade5,V,3.0135738770799065
A0A7C6UXG3|1of1,clade5,V,3.3006425460813085
A0A7C7CYW5|1of1,clade4,IV,1.9395169413629627
A0A7D6IGA3|1of1,clade5,V,3.8528135097742986
A0A7G2D6V4|1of1,clade2,II,3.960555354719445
A0A7G7FXP3|1of1,clade3,III,3.608537744335169
A0A7H0YA09|1of1,clade5,V,3.9754795787303734
A0A7H1Q9Z1|1of1,clade1,I,2.030864977957812
A0A7H8HSI2|1of1,clade3,III,2.609356134472033
A0A7H8PJW8|1of1|ref,clade3,III,3.637817010213136
A0A7H8PZD8|1of1,clade2,II,2.5425988250407405
A0A7I9ZSW2|1of2,clade1,I,2.023592068495312
A0A7J5C9E4|1of1,clade1,I,2.157930631451561
A0A7K1WUT6|1of1,clade3,III,3.495791615587712
A0A7K1Y1A0|1of1,clade3,III,2.981514130437712
A0A7K3A0U4|1of1,clade1,I,1.9432972378781248
A0A7M2Y6D7|1of1,clade5,V,3.6031316318032705
A0A7R8ND26|1of1,clade3,III,2.7414121752360163
A0A7T7HBU7|1of1,clade2,II,3.8844266315046303
A0A7T7V0P2|1of1,clade2,II,4.232422391823148
A0A7U4E602|1of1,clade3,III,4.086908725778813
A0A7U7YJI0|1of1,clade3,III,3.0389656563970338
A0A7U9DNZ8|1of1,clade3,III,2.8016096565254225
A0A7U9RRZ1|1of1,clade5,V,3.569726290422897
A0A7V1EHM8|1of1,clade4,IV,2.3854346331629626
A0A7V1M3G1|1of1,clade5,V,3.0574222065116823
A0A7V1SRB6|1of1,clade2,II,3.5748186178250005
A0A7V4U1X6|1of1,clade4,IV,2.3772104547185187
A0A7V6TAJ9|1of1,clade5,V,3.3027938784542052
A0A7W2M5S0|1of1,clade3,III,2.8233620320720334
A0A7W6K8L9|1of1,clade2,II,3.4412099642074074
A0A7W7M777|1of1,clade3,III,2.7018045058749993
A0A7W8B848|1of1,clade3,III,2.536079136727542
A0A7W9WGW0|1of1,clade3,III,2.7504504307449147
A0A7X3CN77|1of1,clade2,II,2.453652705232407
A0A7X3IFJ0|1of1,clade5,V,4.101928882449532
A0A7X3IFY2|1of1,clade2,II,2.3159583862787034
A0A7X9BRJ6|1of1,clade5,V,3.0967448132350475
A0A7X9UVU9|1of1,clade5,V,3.4579683641074763
A0A7Y1ZW31|1of1,clade5,V,3.606558267046729
A0A7Y2SLE4|1of1,clade5,V,3.3529161017093454
A0A7Y4B1G5|1of1,clade3,III,3.130510068209322
A0A7Y4E9T7|1of1,clade3,III,3.2665099603190675
A0A7Y8WSG7|1of1,clade5,V,3.098492962636449
A0A7Y9NP26|1of1,clade3,III,2.530678084619915
A0A7Y9TA16|1of1,clade5,V,3.7897906669668227
A0A7Y9XDR8|1of1,clade3,III,2.565109202105084
A0A7Z2ZRK3|1of1,clade5,V,3.4098473960663553
A0A7Z7CEU3|1of1|ref,clade5,V,4.033845485260747
A0A7Z7CFK5|1of1,clade3,III,2.8806900441313554
A0A7Z7LVK9|1of1,clade2,II,4.173125172339815
A0A7Z9UHT8|1of1,clade4,IV,2.036720029696296
A0A810NHP7|1of1,clade3,III,3.081334748458898
A0A829A2C1|1of1,clade2,II,3.19500265647037
A0A836W572|1of1,clade4,IV,2.3230620861777775
A0A837NXJ2|1of1|ref,clade2,II,3.024029616832407
A0A841BMP2|1of1,clade3,III,3.653619931730508
A0A841LJL2|1of1,clade5,V,3.9541745356546727
A0A841MM08|1of1,clade3,III,3.0872388674758477
A0A843S9I4|1of1,clade3,III,2.5772541435483047
A0A848LQP1|1of1,clade2,II,2.345219819437963
A0A850BBL3|1of1,clade3,III,2.2873514423326267
A0A850J7G8|1of1,clade2,II,2.6483826442407405
A0A852T998|1of1,clade3,III,3.707590547915678
A0A855LX82|1of1|ref,clade3,III,3.4665519820550843
A0A8B2SDI3|1of1,clade3,III,2.804516320266102
A0A8E1YAV4|1of1|ref,clade3,III,2.9550674732932203
A0A8E2NA29|1of1,clade3,III,2.871294760763558
A0A8G1XC51|1of1,clade3,III,2.75833150966483
A0A8H9Z8V5|1of1,clade2,II,3.205111604114815
A0A8I1GMI5|1of1,clade5,V,3.2834801222112153
A0A8I1WI30|1of1,clade5,V,3.343469074548131
A0A8I2HE34|1of1,clade2,II,2.8964625970879636
A0A8J3CGZ7|1of1,clade3,III,2.4606353285245754
A0A8J3RIB1|1of1|ref,clade3,III,2.5798494657855935
A0A8J3S1I0|1of1,clade3,III,2.5566537635008477
A0A8J3U4J9|1of1,clade1,I,2.078504505915624
A0A8J3WG23|1of1,clade3,III,2.5836394924127117
A0A8J3WJ19|1of1,clade2,II,2.4923674607425927
A0A8J6I2A2|1of1,clade2,II,2.2886266198574075
A0A8J6I3I3|1of1,clade5,V,3.0426758196757016
A0A8J7IGC4|1of1,clade3,III,2.8123907923983045
A0A8J8MAQ9|1of1,clade5,V,3.2747985307560747
A0A8S0GSP0|1of1,clade5,V,3.514570914259346
A0A8T0C5U0|1of1,clade3,III,3.881272274276271
A0A8T3QE26|1of1,clade4,IV,3.325413811096297
A0A916K8H6|1of1,clade5,V,3.549962921018691
A0A916NFA3|1of1,clade3,III,3.0244273504622883
A0A917D230|1of1,clade5,V,3.2980954501892525
A0A919GGB7|1of1,clade3,III,3.3456665885703387
A0A919JUX7|1of1,clade1,I,2.2789780855906243
A0A919SL20|1of1,clade1,I,2.208582609217187
A0A919WRD3|1of1,clade5,V,3.081999132055607
A0A926KNN6|1of1,clade5,V,3.567111986650935
A0A927RCC4|1of1,clade5,V,3.39088614753972
A0A930P9V9|1of1,clade5,V,3.8394808168654198
A0A931A9D2|1of1,clade1,I,2.2596063859531244
A0A933XAG6|1of1,clade3,III,3.3477234542686443
A0A934I0Z4|1of1,clade5,V,3.991979350439253
A0A935F9Z6|1of1,clade3,III,3.8589322134572033
A0A936ZUA5|1of3,clade3,III,3.3596236396309322
A0A936ZUA5|2of3,clade3,III,3.511881771079237
A0A939IB76|1of1,clade2,II,2.4862760855555557
A0A939JKX3|1of1,clade1,I,1.8191819897749992
A0A939TH90|1of1,clade5,V,2.9964890429686917
A0A939UAG0|1of1,clade5,V,4.020063385850935
A0A944ECL2|1of1,clade1,I,1.8748873121171872
A0A946EXM6|1of1,clade4,IV,1.899281659192592
A0A948RGI6|1of1,clade3,III,3.7153524686940673
A0A951UV01|1of1,clade2,II,3.7869006932453697
A0A953R518|1of1,clade2,II,2.810318413668518
A0A955GY46|1of1,clade5,V,3.634627134000934
A0A955LC15|1of1,clade4,IV,3.5085213086370373
A0A956UHL3|1of1,clade5,V,4.184609213409813
A0A959AUA3|1of1,clade3,III,3.6986830958656776
A0A966KUM6|1of1,clade4,IV,3.3756344834000003
A0A967Z143|1of1,clade5,V,3.218733193415888
A0A969H998|1of1,clade5,V,3.861481534565888
A0A970J9V3|1of1,clade5,V,3.1833510462000003
A0A972HU04|1of1,clade5,V,4.044043135149065
A0A973IP91|1of1,clade4,IV,2.1549165733333333
A0A973LUT2|1of1,clade2,II,2.504278788621296
A0A973Q7Z4|1of1,clade3,III,2.567864812612288
A0A9D5TAX3|1of1,clade3,III,4.290851258616525
A0A9E2ARS3|1of1,clade3,III,3.0865559713025426
A0A9E2DPG2|1of1,clade3,III,3.9463763385940673
A0A9E2SB20|1of1,clade5,V,3.5459436742453265
A0A9E6K225|1of1,clade4,IV,2.755942650103703
A0A9E7CTU1|1of3,clade3,III,3.325154979411441
A0A9E9GLD5|1of1,clade3,III,3.7061567104033903
A0A9E9GW27|1of1,clade3,III,2.3911884058478807
A0A9E9GXD9|1of1,clade2,II,2.3690440111407405
A0A9P2WRF8|1of1,clade3,III,3.0650734542686444
A0A9Q8XKS6|1of1,clade3,III,2.9584804177427957
A0A9W3P446|1of1,clade5,V,3.113540219180841
A0A9W4PH31|1of1,clade5,V,3.252739758344392
A0A9W5LL12|1of1,clade5,V,3.2406521176182244
A0A9W6Q0W8|1of1,clade1,I,1.9578833845843748
A0A9W6UL76|1of1,clade1,I,1.9198479291484374
A0A9X1DNB0|1of1,clade5,V,3.133305157993925
A0A9X2GTD2|1of1,clade3,III,2.582600173524999
A0A9X2JGC5|1of1,clade3,III,3.646940252672881
A0A9X2NN61|1of1,clade3,III,2.581246791262712
A0A9X2SHV4|1of1,clade1,I,1.9709434989999999
A0A9X6LEV6|1of1,clade1,I,2.1226066279343754
A0A9X7J341|1of1,clade5,V,3.1344326461612146
A0AA45BLA1|1of1,clade3,III,3.016176528184746
A0AA45MQ70|1of1,clade3,III,3.124736906676695
A0AA46P9P4|1of1,clade5,V,3.161073830106074
A0AA46UHT3|1of1,clade2,II,2.734008142295371
A0AA51DDB3|1of1,clade3,III,4.034709899444067
A0AA90QSU5|1of1,clade5,V,3.41614074015
A0AA90R2P8|1of1,clade2,II,3.368845035458333
A0AA92NY69|1of1,clade5,V,3.906537066985981
A0AA95MEH6|1of1,clade5,V,3.1179118430836446
A0AA96MVE4|1of1,clade5,V,3.2025994994775706
A0AA96N1M8|1of1,clade5,V,3.4684443106817757
A0AAC9RN13|1of1,clade5,V,4.081866530637383
A0AAD3ASI3|1of1,clade3,III,3.2437579236
A0AAD3AVF3|2of2,clade2,II,3.712610955326851
A0AAF0LW34|1of1,clade5,V,4.193837283848131
A0AAI8BIF5|1of2,clade2,II,4.237673152476852
A0AAJ1UDJ7|1of1,clade3,III,2.9123169996292364
A0AAJ1VCI2|1of1,clade5,V,3.634414657762617
A0AAJ2GC06|1of1,clade3,III,3.0530673635152534
A0AAJ2NDQ8|1of1,clade2,II,3.0789236882453705
A0AAJ2PTR0|1of1,clade3,III,2.8575651948983043
A0AAJ5RH84|1of1,clade5,V,4.346861142334112
A0AAN1I9F3|1of1,clade1,I,2.5178575124968745
A0AAP3HD61|1of1,clade2,II,3.5222360807638893
A0AAP8PI92|1of1,clade3,III,3.2478710135915256
A0AAQ3WAX7|1of1,clade2,II,2.9916588694462964
A0AAU0NVD8|1of1,clade5,V,3.238038222527571
A0AAU0REM6|1of1,clade3,III,3.657723297641949
A0AAU1BFG7|1of1,clade3,III,2.668881076338135
A0AAU1C998|1of1,clade1,I,1.8484995804921867
A0AAU1IFZ0|1of1,clade1,I,2.1308659991624994
A0AAU1MG97|1of1,clade1,I,1.816574461610937
A0AAU1MXJ1|1of1,clade3,III,2.7472841234656773
A0AAU1PCF8|1of1,clade3,III,2.565292043963983
A0AAU1PH99|1of1,clade1,I,2.010312945940625
A0AAU1PMH4|1of1,clade3,III,2.5491962334296603
A0AAU1S435|1of1,clade3,III,2.6536554079237287
A0AAU2E8R9|1of1,clade1,I,1.7116895243109371
A0AAU2HDY7|1of1,clade3,III,3.302776894805508
A0AAU2HI16|1of1,clade1,I,2.138898901515625
A0AAU4MGR9|1of1,clade3,III,2.611169522491525
A0AAU4N182|1of1,clade3,III,2.6646840508283898
A0AAU4S882|1of1,clade2,II,2.353616307702778
A0AAU5NS77|1of1,clade1,I,1.9640556037671868
A0AAU5SXM3|1of1,clade1,I,2.033996736390625
A0AAU5UMC3|1of1,clade2,II,2.608626160562963
A0AAU5ZPB8|1of1,clade3,III,2.936132525830084
A0AAU6FEE3|1of1,clade1,I,1.9630745086328123
A0AAU8J0G0|1of1,clade2,II,2.5769122214444433
A0AAV3EUB7|1of1,clade3,III,2.9529015495898303
A0AAW3KHM4|1of1,clade5,V,3.414614414521962
A0AAW4ZHY1|1of1,clade3,III,3.988304368219491
A0AAW6X8C9|1of1,clade3,III,2.8053383886211862
A0AB33KVJ4|1of1,clade3,III,2.711450043447457
A0AB39BSU9|1of1,clade5,V,3.0353133819397207
A0AB39RRW4|3of3,clade1,I,2.0854154177031248
A0AB74D025|1of1,clade5,V,3.3990749596878507
A0AB94IQA0|1of1,clade5,V,3.464088388446261
A3D751|1of1,clade3,III,2.78149850243983
A5FB63|1of2|ref,clade3,III,3.0574764612779664
A5N6W5|1of1,clade5,V,2.9093126882121503
A7GCA5|1of1,clade2,II,2.646592917336111
A7GH50|1of1,clade3,III,2.619738039537288
A7UG63|1of1,clade3,III,3.881085855172034
A8S1M9|1of1,clade5,V,3.803820337118692
B0T3D0|1of1,clade5,V,4.227190559740654
B1IJ94|1of1,clade5,V,3.2687727388724306
B6A876|1of1|ref,clade3,III,3.8807011916377117
B6A879|1of1|ref,clade3,III,3.4806787687546605
B7VRF8|1of1|ref,clade3,III,3.1828478612067794
B8FYW8|1of1,clade5,V,3.265353106394392
B8G8N7|1of1,clade5,V,3.324236309840654
D3E5B5|1of1,clade5,V,4.0500652455514015
D3EK74|1of1,clade2,II,4.166021091651851
D7CMI6|1of1,clade5,V,4.1024064171981305
D7GSB2|1of1,clade5,V,3.854802328204672
D9TNK9|1of1,clade5,V,3.0586087051738318
E0IA81|1of1,clade5,V,4.199993584746261
E1IBD4|1of1,clade5,V,3.40800385227243
F2R3N3|1of1|ref,clade1,I,1.859576766579687
F6KTD4|1of1,clade3,III,3.539196552508898
F7KPP4|1of1,clade5,V,3.8155984191943926
F7NXL7|1of1,clade3,III,2.727116614577542
F8WSU4|1of1,clade3,III,2.4826321499097452
G0VM00|1of1,clade5,V,3.9175074653495323
G2FQW6|1of1,clade5,V,3.5140740142476634
H3SDP8|1of2,clade3,III,2.986197529191526
H8MUM6|1of1|ref,clade3,III,3.7206346215838986
I3E847|1of1,clade5,V,3.495683724808411
I8R071|1of1,clade5,V,3.141219931441122
J2PM95|1of1,clade2,II,3.2023456541148154
K2D038|1of1,clade4,IV,2.332402191666667
L0DD69|1of1,clade3,III,3.361059838572881
L8P1E0|1of1,clade3,III,3.9710182158406777
M6KKZ7|1of1,clade5,V,4.4326558261775695
M6VG29|1of1,clade5,V,4.535266814946261
M8CVP9|1of1,clade5,V,3.4923582386742993
O05495|1of1|ref,clade5,V,3.037030699407478
O31682|1of1|ref,clade5,V,3.5135749203490647
O32258|1of1|ref,clade5,V,3.2589231479331784
P04067|1of1|ref,clade2,II,3.679210910113889
P07254|1of1|ref,clade3,III,2.816968348828813
P0DPJ9|1of1|ref,clade5,V,3.28660907192243
P11220|1of1|ref,clade3,III,2.7629434874983043
P11797|1of1|ref,clade3,III,3.0127747358966097
P14529|1of1|ref,clade1,I,1.9393877252812495
P20533|1of1|ref,clade3,III,2.3491014116283897
P27050|1of1|ref,clade2,II,2.369104560649074
P32823|1of1|ref,clade3,III,3.055065514266102
P36909|1of1|ref,clade3,III,2.761010585931779
P36911|1of1|ref,clade2,II,4.164956211369444
P37531|1of1|ref,clade5,V,3.3433668069775697
P80036|1of1|ref,clade2,II,3.6671198217129626
P96156|1of1|ref,clade3,III,3.2938011326262706
Q05638|1of1|ref,clade2,II,2.6221425412749992
Q5KY74|1of1,clade5,V,3.1213036651266353
Q7NQA0|1of1,clade3,III,2.5175337749648303
Q838S2|1of1|ref,clade2,II,3.0104327622046294
Q9K3E4|1of1|ref,clade5,V,3.29027089325701
Q9WXD3|1of1|ref,clade2,II,3.1393524379157407
R1CNL0|1of1,clade5,V,2.9643884299060748
R7AQK3|1of1,clade3,III,4.301611763334744
R7FHT5|1of1,clade5,V,3.5073869883425237
R8WJR9|1of1,clade1,I,2.384903439428125
S2YS56|1of1,clade3,III,2.6199262171122877
S4APZ7|1of1,clade2,II,2.839950551598148
T0I4V4|1of1,clade5,V,3.5230759749214955
U5VTA4|1of1,clade3,III,2.9401320370665256
V6M8X7|1of1,clade5,V,3.1950056613897195
W0T116|1of1,clade3,III,2.2596682032864406
W1W8X1|1of1,clade5,V,3.989622571177571
W6MAR3|1of1,clade5,V,3.488758501922897
W6TQG6|1of1,clade3,III,2.799016078413559
