phylum,A,B,C,D,E,F,G,plotted_in_top5_of
Abditibacteriota,0.0,0.0,0.00019065776930409913,0.0,0.0,0.0,9.154994049253868e-05,
Acidobacteriota,0.0008933889219773674,0.0050052687038988405,0.006863679694947569,0.022400676246830092,0.00040535062829347385,0.0017937219730941704,0.02133113613476151,D
Actinomycetota,0.8576533650982728,0.5422813487881981,0.09122974261201144,0.7506339814032121,0.9785164167004459,0.009865470852017937,0.05969056120113522,"A,B,C,D,E,G"
Armatimonadota,0.0,0.0,0.001334604385128694,0.0,0.0,0.0008968609865470852,0.003753547560194086,
Bacillota,0.029184038117927337,0.10524236037934669,0.18932316491897044,0.001267962806424345,0.0008107012565869477,0.003587443946188341,0.6741737617870548,"A,B,C,E,G"
Bacteroidota,0.0,0.11551633298208641,0.19151572926596758,0.00042265426880811494,0.0,0.31928251121076234,0.05483841435503067,"B,C,F,G"
Balneolota,0.0,0.0,0.0007626310772163965,0.0,0.0,0.0017937219730941704,0.00018309988098507736,
Bdellovibrionota,0.0008933889219773674,0.0003951527924130664,0.0005719733079122975,0.0,0.0,0.0008968609865470852,0.00018309988098507736,
Caldifarciminota,0.0,0.0,0.0,0.0,0.0,0.015246636771300448,0.0,
Calditrichota,0.0,0.0,0.001334604385128694,0.0,0.0,0.02062780269058296,0.00018309988098507736,
Campylobacterota,0.0,0.0,0.0005719733079122975,0.00042265426880811494,0.0,0.0,9.154994049253868e-05,
Candidatus Abawacaibacteriota,0.0,0.0,0.0,0.0,0.0,0.0,9.154994049253868e-05,
Candidatus Absconditibacteriota,0.0,0.0,0.0,0.0,0.0,0.0,9.154994049253868e-05,
Candidatus Adleribacteriota,0.0,0.0,0.0,0.0,0.0,0.0,0.0007323995239403094,
Candidatus Aerophobota,0.0,0.00013171759747102212,0.0,0.0,0.0,0.0,0.0,
Candidatus Altimarinota,0.0,0.0,0.0,0.0,0.0,0.0,0.0005492996429552321,
Candidatus Aminicenantota,0.0,0.0,0.0008579599618684462,0.0,0.0,0.0,0.0,
Candidatus Anderseniibacteriota,0.0,0.0,0.0,0.0,0.0,0.0,9.154994049253868e-05,
Candidatus Azamiibacteriota,0.0,0.0,0.0,0.0,0.0,0.0,0.0004577497024626934,
Candidatus Bathyarchaeota,0.0,0.0,0.0,0.0,0.0,0.0008968609865470852,0.00018309988098507736,
Candidatus Beckwithiibacteriota,0.0,0.0,0.0,0.0,0.0,0.008968609865470852,0.0,
Candidatus Berkelbacteria,0.0,0.0,0.0,0.0,0.0,0.0,0.00018309988098507736,
Candidatus Bipolaricaulota,0.0,0.0,9.532888465204957e-05,0.0,0.0,0.0,0.0,
Candidatus Blackburniibacteriota,0.0,0.0,0.0,0.0,0.0,0.0026905829596412557,0.0,
Candidatus Cerribacteria,0.0,0.0,0.0,0.0,0.0,0.0008968609865470852,0.0,
Candidatus Chisholmiibacteriota,0.0,0.0,0.0,0.0,0.0,0.0026905829596412557,0.00027464982147761604,
Candidatus Cloacimonadota,0.0,0.0,9.532888465204957e-05,0.0,0.0,0.0026905829596412557,0.0,
Candidatus Collieribacteriota,0.0005955926146515784,0.0,0.0,0.0,0.0,0.025112107623318385,0.0,
Candidatus Colwelliibacteriota,0.0,0.0,0.0,0.0,0.0,0.0,9.154994049253868e-05,
Candidatus Curtissiibacteriota,0.0,0.0,0.0,0.0,0.0,0.0053811659192825115,0.0003661997619701547,
Candidatus Daviesiibacteriota,0.0,0.0,0.0,0.0,0.0,0.010762331838565023,0.0,
Candidatus Dormiibacterota,0.0,0.0,0.0,0.0,0.0,0.006278026905829596,0.00018309988098507736,
Candidatus Doudnaibacteriota,0.0,0.0,0.0,0.0,0.0,0.0,0.00018309988098507736,
Candidatus Edwardsiibacteriota,0.0,0.0,0.0,0.0,0.0,0.0026905829596412557,0.0,
Candidatus Eiseniibacteriota,0.0002977963073257892,0.0,9.532888465204957e-05,0.0,0.0,0.0,0.00027464982147761604,
Candidatus Falkowiibacteriota,0.0,0.0,0.0,0.0,0.0,0.0008968609865470852,0.00027464982147761604,
Candidatus Fermentibacterota,0.0,0.0,0.0,0.0,0.0,0.004484304932735426,0.0,
Candidatus Giovannoniibacteriota,0.0,0.0,0.0,0.0,0.0,0.0,0.0015563489883731576,
Candidatus Gottesmaniibacteriota,0.0,0.0,0.0,0.0,0.0,0.008968609865470852,0.0008239494644328481,
Candidatus Handelsmaniibacteriota,0.0,0.0,0.0,0.0,0.0,0.0017937219730941704,0.0,
Candidatus Heimdallarchaeota,0.0,0.0,0.0,0.0,0.0,0.0,9.154994049253868e-05,
Candidatus Hydrogenedentota,0.0,0.0,0.00019065776930409913,0.0,0.0,0.0017937219730941704,0.0,
Candidatus Hydrothermota,0.0,0.0,0.0,0.0,0.0,0.0017937219730941704,0.0,
Candidatus Joergenseniibacteriota,0.0,0.0,0.0,0.0,0.0,0.0,0.00018309988098507736,
Candidatus Kaiseribacteriota,0.0,0.0,0.0,0.0,0.0,0.0,0.004669046965119473,
Candidatus Kryptoniota,0.0,0.0,0.0,0.0,0.0,0.0,0.0004577497024626934,
Candidatus Latescibacterota,0.0,0.0,0.00028598665395614874,0.0,0.0,0.0017937219730941704,0.0,
Candidatus Levyibacteriota,0.0,0.0,0.0,0.0,0.0,0.02600896860986547,0.0007323995239403094,
Candidatus Liptoniibacteriota,0.0,0.0,0.0,0.0,0.0,0.0,0.0003661997619701547,
Candidatus Lloydiibacteriota,0.0,0.0,0.0,0.0,0.0,0.0,9.154994049253868e-05,
Candidatus Margulisiibacteriota,0.0,0.0,0.00028598665395614874,0.0,0.0,0.0,0.0,
Candidatus Melainabacteria,0.0,0.0,0.0,0.0,0.0,0.0,0.0003661997619701547,
Candidatus Methylomirabilota,0.0,0.0,0.0,0.0,0.0,0.0,0.0005492996429552321,
Candidatus Microgenomatota,0.0,0.0,0.0,0.0,0.0,0.004484304932735426,0.00018309988098507736,
Candidatus Moraniibacteriota,0.0008933889219773674,0.0,0.0,0.0,0.0,0.0017937219730941704,0.0009154994049253868,
Candidatus Niyogiibacteriota,0.0,0.0,0.0,0.0,0.0,0.0,0.00027464982147761604,
Candidatus Nomuraibacteriota,0.0,0.0,0.0,0.0,0.0,0.0,0.0003661997619701547,
Candidatus Omnitrophota,0.0,0.0,0.0,0.0,0.0,0.0,0.0003661997619701547,
Candidatus Parcubacteria,0.0,0.0,0.0,0.0,0.0,0.0008968609865470852,0.0012816991668955415,
Candidatus Peregrinibacteriota,0.0,0.00013171759747102212,0.0,0.0,0.0,0.0,0.0009154994049253868,
Candidatus Poribacteria,0.0,0.00013171759747102212,0.00038131553860819826,0.0,0.0,0.0,0.0,
Candidatus Rifleibacteriota,0.0,0.0,0.0,0.0,0.0,0.0,9.154994049253868e-05,
Candidatus Roizmaniibacteriota,0.0,0.00013171759747102212,0.0,0.0,0.0,0.033183856502242155,0.0019225487503433123,
Candidatus Rokuibacteriota,0.0,0.0,0.0,0.0,0.0,0.0,0.00018309988098507736,
Candidatus Ryaniibacteriota,0.0,0.0,0.0,0.0,0.0,0.0,0.00018309988098507736,
Candidatus Saccharimonadota,0.0002977963073257892,0.00013171759747102212,0.00028598665395614874,0.0,0.0,0.0,9.154994049253868e-05,
Candidatus Schekmaniibacteriota,0.0,0.00013171759747102212,0.0,0.0,0.0,0.0,0.0,
Candidatus Shapironibacteriota,0.0,0.0,0.0,0.0,0.0,0.006278026905829596,9.154994049253868e-05,
Candidatus Stahliibacteriota,0.0,0.0,0.0,0.0,0.0,0.003587443946188341,0.0,
Candidatus Staskawicziibacteriota,0.0,0.0,0.0,0.0,0.0,0.0,0.0006408495834477708,
Candidatus Sumerlaeota,0.0,0.0,0.00028598665395614874,0.0,0.0,0.008071748878923767,0.0,
Candidatus Sungiibacteriota,0.0,0.0,0.0,0.0,0.0,0.0,9.154994049253868e-05,
Candidatus Sysuimicrobiota,0.0,0.0,0.0,0.0,0.0,0.0,0.0006408495834477708,
Candidatus Tagaibacteriota,0.0,0.0,0.0,0.0,0.0,0.0,9.154994049253868e-05,
Candidatus Tayloriibacteriota,0.0,0.0,0.0,0.0,0.0,0.0,0.0005492996429552321,
Candidatus Vogeliibacteriota,0.0,0.0,0.0,0.0,0.0,0.0,0.0005492996429552321,
Candidatus Woesearchaeota,0.0,0.0,9.532888465204957e-05,0.0,0.0,0.0,0.00018309988098507736,
Candidatus Woeseibacteriota,0.0,0.0,0.0,0.0,0.0,0.008968609865470852,0.0008239494644328481,
Candidatus Wolfeibacteriota,0.0,0.0,0.0,0.0,0.0,0.0,0.00018309988098507736,
Candidatus Woykeibacteriota,0.0,0.0,0.0,0.0,0.0,0.0,0.0005492996429552321,
Candidatus Yonathiibacteriota,0.0,0.0,0.0,0.0,0.0,0.0,0.0007323995239403094,
Candidatus Zixiibacteriota,0.0,0.0,9.532888465204957e-05,0.0,0.0,0.0017937219730941704,0.0,
Chlamydiota,0.0,0.001975763962065332,0.0014299332697807435,0.0,0.0,0.0,0.0,
Chlorobiota,0.0,0.00013171759747102212,0.00019065776930409913,0.0,0.0,0.0053811659192825115,0.0,
Chloroflexota,0.007742703990470518,0.01185458377239199,0.008579599618684462,0.013102282333051564,0.0032428050263477908,0.14798206278026907,0.02847203149317953,"A,B,D,E,F"
Chrysiogenota,0.0,0.00013171759747102212,0.0,0.0,0.0,0.0,9.154994049253868e-05,
Cyanobacteriota,0.0008933889219773674,0.002239199157007376,0.007912297426120114,0.0,0.0,0.0,0.0005492996429552321,
Deinococcota,0.0,0.0013171759747102212,0.001143946615824595,0.006762468300929839,0.0,0.0,0.0008239494644328481,
Dictyoglomota,0.0,0.0,0.0007626310772163965,0.0,0.0,0.0008968609865470852,9.154994049253868e-05,
Elusimicrobiota,0.0,0.0,0.00019065776930409913,0.0,0.0,0.0,0.00027464982147761604,
Fibrobacterota,0.0,0.0,0.005243088655862726,0.0,0.0,0.0,9.154994049253868e-05,
Fidelibacterota,0.0,0.0,0.003050524308865586,0.0,0.0,0.060089686098654706,0.00027464982147761604,F
Fusobacteriota,0.0,0.0005268703898840885,0.0005719733079122975,0.0,0.0,0.0,9.154994049253868e-05,
Gemmatimonadota,0.0002977963073257892,0.0,0.0023832221163012394,0.00042265426880811494,0.0,0.012556053811659192,0.004577497024626934,
Ignavibacteriota,0.0,0.0015806111696522655,0.004957102001906578,0.0038038884192730348,0.0,0.053811659192825115,0.0005492996429552321,F
Kiritimatiellota,0.0,0.00013171759747102212,0.00028598665395614874,0.0,0.0,0.0,0.0009154994049253868,
Lentisphaerota,0.0005955926146515784,0.0007903055848261328,0.000667302192564347,0.0,0.0,0.0026905829596412557,0.0007323995239403094,
Methanobacteriota,0.015485407980941036,0.00013171759747102212,0.01344137273593899,0.0,0.0,0.015246636771300448,0.0011901492264030028,A
Minisyncoccota,0.0,0.0,9.532888465204957e-05,0.0,0.0,0.01883408071748879,0.00027464982147761604,
Mycoplasmatota,0.0002977963073257892,0.004478398314014752,0.005243088655862726,0.00042265426880811494,0.0,0.0,0.0012816991668955415,
Myxococcota,0.0002977963073257892,0.010669125395152792,0.018589132507149667,0.02324598478444632,0.0024321037697608433,0.033183856502242155,0.0030211480362537764,"C,D,E"
Nanobdellota,0.0,0.0,0.0,0.0,0.0,0.0,9.154994049253868e-05,
Nitrososphaerota,0.0,0.0,0.000667302192564347,0.0,0.0,0.0,0.0,
Nitrospirota,0.0,0.0,0.00019065776930409913,0.0,0.0,0.0,0.0006408495834477708,
Planctomycetota,0.003275759380583681,0.0018440463645943098,0.012869399428026692,0.0,0.0,0.014349775784753363,0.0016478989288656962,
Promethearchaeota,0.0,0.0,0.0,0.0,0.0,0.0008968609865470852,0.0,
Pseudomonadota,0.08040500297796307,0.18993677555321392,0.4127740705433746,0.1754015215553677,0.014592622618565058,0.01883408071748879,0.058683511855717296,"A,B,C,D,E,G"
Rhodothermota,0.0,0.0,0.002001906577693041,0.0,0.0,0.003587443946188341,0.00027464982147761604,
Spirochaetota,0.0,0.0009220231822971549,0.0023832221163012394,0.0,0.0,0.0008968609865470852,0.03579602673258262,G
Synergistota,0.0,0.0,0.0,0.0,0.0,0.0,0.0014647990478806189,
Thermodesulfobacteriota,0.0,0.0,0.00038131553860819826,0.001267962806424345,0.0,0.0008968609865470852,0.0010985992859104642,
Thermodesulfobiota,0.0,0.0,0.0,0.0,0.0,0.0,0.00018309988098507736,
Thermomicrobiota,0.0,0.0,0.0,0.0,0.0,0.0008968609865470852,0.0010985992859104642,
Thermoplasmatota,0.0,0.0,0.0,0.0,0.0,0.0017937219730941704,0.0006408495834477708,
Thermoproteota,0.0,0.0,0.0,0.0,0.0,0.0,0.0019225487503433123,
Thermotogota,0.0,0.0,0.00019065776930409913,0.0,0.0,0.0,0.00027464982147761604,
Verrucomicrobiota,0.0,0.001975763962065332,0.007054337464251668,0.00042265426880811494,0.0,0.012556053811659192,0.01180994232353749,
Vulcanimicrobiota,0.0,0.00013171759747102212,0.0,0.0,0.0,0.0,9.154994049253868e-05,
candidate division CPR3,0.0,0.0,0.0,0.0,0.0,0.0,9.154994049253868e-05,
candidate division WWE3,0.0,0.0,0.0,0.0,0.0,0.03497757847533632,0.0005492996429552321,F
