broad_category,A,B,C,D,E,F,G
Carbohydrate-binding modules (CBMs) — glycan grips,3037,4524,5327,1685,1490,20,41
Catalytic partner domains (non-GH18),35,88,317,13,2,43,2658
Cellulosome / cellulolytic apparatus add-ons,0,4,38,0,0,20,6
DNA/RNA-binding & regulators occasionally fused,0,4,22,0,0,0,18
"Ig-like & related β-sandwich scaffolds (adhesion, spacing)",859,4330,5992,928,1047,357,230
Lectins (β-trefoil / jacalin / C-type / others),454,281,394,20,0,41,131
Outer-layer/periplasmic envelope helpers,0,125,8,0,0,14,166
Peptidoglycan-/cell-wall binding and SH3b group,61,43,1135,2,27,76,6995
Redox/stress/metal helpers,0,0,37,0,0,2,2
Repeat/stalk & coiled-coil/IDRs (mechanical spacing),12,8,63,0,0,8,23
Surface anchoring & secretion/sorting systems,586,1501,2238,320,237,346,2340
Unknowns / DUFs / broad structure-only calls,45,734,612,6,0,71,669
